execution_time,resources_used,dataset_content,strategy_param,num_kernels,num_branches,tree_depth,pruned_branches,filename,boundary,optimal_solution,shrink_div_conq,expand_sw_size,alpha,search_strategy,optimal_value,expand_div_conq,shrink_sw_size,ID,created_at,optimal_cardinality,pruner,lowest_card,max_random_value,max_incon_value,optimal_random_card,optimal_incon_card,min_random_value,min_incon_value
137.899,"38944 KB","["!(!A1&&A2)", "!(A0||A1)", "A1||((A2&&A0)&&A1)", "(A1||(A1&&A0))||A2", "!A0", "!A1", "!A2", "!A1&&(A2||A0)", "A1&&A0", "(A1||A1)&&(A2&&A0)"]",2,1052,1051,9,0,data/SRS/Dataset_A/sig3_5_15/srs_0.txt,0,"["(A1||A1)&&(A2&&A0)", "!A0", "!A1", "!A1&&(A2||A0)", "A1&&A0", "!A2", "(A1||(A1&&A0))||A2", "!(!A1&&A2)", "A1||((A2&&A0)&&A1)"]",0,1,(A0&&!A0),PBS,53,0,1,37086,"2024-07-22 09:40:52",9,NONE,5,53,2,9,9,NULL,NULL
1.06699,"37072 KB","["A1&&A2", "A0", "!A2&&(A1&&A0)", "A2||!A1", "!(A1&&A0)"]",2,10,9,3,0,data/SRS/Dataset_A/sig3_5_15/srs_1.txt,0,"["!(A1&&A0)", "A2||!A1", "A1&&A2"]",0,1,(A0&&!A0),PBS,9,0,1,37091,"2024-07-22 09:41:19",3,NONE,2,9,2,3,3,NULL,NULL
0.532339,"37252 KB","["A0&&A0", "A0&&A2", "!A2", "(A2&&A0)&&A0", "A1||A0"]",2,5,4,2,0,data/SRS/Dataset_A/sig3_5_15/srs_10.txt,0,"["!A2", "A0&&A2"]",0,1,(A0&&!A0),PBS,5,0,1,37096,"2024-07-22 09:41:23",2,NONE,1,5,1,2,2,NULL,NULL
0.615303,"37152 KB","["!A0||!A1", "!A2&&!A2", "!A2", "A2||(A0&&A2)", "(A0&&A2)||!A2"]",2,5,4,2,0,data/SRS/Dataset_A/sig3_5_15/srs_100.txt,0,"["!A2&&!A2", "!A2"]",0,1,(A0&&!A0),PBS,7,0,1,37101,"2024-07-22 09:41:27",2,NONE,1,7,1,2,2,NULL,NULL
2.53937,"38016 KB","["A0&&A1", "!(A1&&A2)", "!A0", "!A1", "A1", "A2&&A1"]",2,23,22,5,0,data/SRS/Dataset_A/sig3_5_15/srs_101.txt,0,"["!(A1&&A2)", "!A1", "A1", "A0&&A1", "!A0"]",0,1,(A0&&!A0),PBS,18,0,1,37106,"2024-07-22 09:41:37",5,NONE,3,18,2,5,5,NULL,NULL
1.26774,"37228 KB","["A0&&A1", "A0||A2", "A0", "(A1&&A1)&&A0", "A2&&(A1&&A0)", "A0||!A0", "!(A1&&A1)"]",2,7,6,3,0,data/SRS/Dataset_A/sig3_5_15/srs_102.txt,0,"["!(A1&&A1)", "(A1&&A1)&&A0", "A2&&(A1&&A0)"]",0,1,(A0&&!A0),PBS,11,0,1,37111,"2024-07-22 09:41:44",3,NONE,1,11,1,3,3,NULL,NULL
58.2703,"38360 KB","["!(A0&&A2)", "(A1&&A1)||(A0&&A1)", "!(A1&&A2)", "!A0", "!(!A2)", "A1", "(A2||A1)||A2", "!A2||(A1||A2)", "A2||(A1||A2)", "!A1&&(A1||A0)", "A1&&A0", "A2||!A1"]",2,383,382,9,0,data/SRS/Dataset_A/sig3_5_15/srs_103.txt,0,"["A2||!A1", "!(!A2)", "!A1&&(A1||A0)", "(A2||A1)||A2", "A2||(A1||A2)", "!A0", "A1", "!(A1&&A2)", "(A1&&A1)||(A0&&A1)"]",0,1,(A0&&!A0),PBS,62,0,1,37116,"2024-07-22 09:43:52",9,NONE,3,62,1,9,9,NULL,NULL
15.0001,"38124 KB","["!(A0||A2)", "!A1||A0", "A1||A1", "!A0", "!A1", "!(!A2)", "!A2", "(A0||A2)&&!A0", "(A0&&A0)||(A0||(A0||A2))"]",2,114,113,6,0,data/SRS/Dataset_A/sig3_5_15/srs_104.txt,0,"["A1||A1", "!A2", "!(!A2)", "!A1", "!A0", "!(A0||A2)"]",0,1,(A0&&!A0),PBS,37,0,1,37121,"2024-07-22 09:44:42",6,NONE,3,37,1,6,6,NULL,NULL
0.882074,"37212 KB","["(A0&&A0)||(A0&&A2)", "!A2", "!A1&&(A2&&A2)", "A0||(A1&&A0)", "A2||!A0"]",2,9,8,3,0,data/SRS/Dataset_A/sig3_5_15/srs_105.txt,0,"["(A0&&A0)||(A0&&A2)", "A0||(A1&&A0)", "!A1&&(A2&&A2)"]",0,1,(A0&&!A0),PBS,11,0,1,37126,"2024-07-22 09:44:50",3,NONE,1,11,1,3,3,NULL,NULL
10.395,"38092 KB","["(A2||A0)&&(A2||A0)", "!A0&&!A1", "A0||!A1", "!A2&&A1", "!A1&&A2", "((A2&&A2)&&A1)||A0", "!(!A2)", "A0", "!A1", "!(A2&&A0)"]",2,76,75,6,0,data/SRS/Dataset_A/sig3_5_15/srs_106.txt,0,"["!(!A2)", "!A1", "A0", "!A2&&A1", "!A1&&A2", "!A0&&!A1"]",0,1,(A0&&!A0),PBS,41,0,1,37131,"2024-07-22 09:45:22",6,NONE,3,41,4,6,6,NULL,NULL
24.9429,"38008 KB","["!(A0&&A1)", "((A1||A1)||A2)&&A1", "A0||A2", "!A1||(A2&&A1)", "(A0||A1)||(A1&&!A1)", "A1||(A0&&A2)", "!(!A0)", "(A1&&A1)||!A1", "(A1&&A1)||A0", "(A0||A1)||A0", "A2||!A0", "!(A2||A0)", "((A1||A1)||A0)||!A2", "A2||A0"]",2,114,113,9,0,data/SRS/Dataset_A/sig3_5_15/srs_107.txt,0,"["A2||A0", "A0||A2", "!A1||(A2&&A1)", "A1||(A0&&A2)", "(A1&&A1)||A0", "(A0||A1)||A0", "!(!A0)", "((A1||A1)||A2)&&A1"]",0,1,(A0&&!A0),PBS,70,0,1,37136,"2024-07-22 09:46:23",8,NONE,2,70,3,8,8,NULL,NULL
83.5108,"38504 KB","["A0&&A1", "!(A0||A2)", "A0||A2", "A0||(A0||A0)", "A0||!(A1&&A1)", "!A1&&(A0&&A2)", "!A0", "!A1", "!(!A2)", "((A1&&A1)||A1)||(A0||A1)", "!(A1||A1)||A2", "(A1&&A1)&&A0", "!(A2&&A1)"]",2,589,588,11,0,data/SRS/Dataset_A/sig3_5_15/srs_108.txt,0,"["!(A2&&A1)", "!(A1||A1)||A2", "!A0", "((A1&&A1)||A1)||(A0||A1)", "!A1", "!(A0||A2)", "!A1&&(A0&&A2)", "A0||(A0||A0)", "A0||A2", "A0&&A1"]",0,1,(A0&&!A0),PBS,80,0,1,37141,"2024-07-22 09:49:40",10,NONE,4,80,1,10,10,NULL,NULL
0.517499,"37220 KB","["A0&&A0", "A2||A2", "!A1", "!(!A2)", "A2", "(A2||A1)&&A1"]",2,3,2,1,0,data/SRS/Dataset_A/sig3_5_15/srs_109.txt,0,"["(A2||A1)&&A1"]",0,1,(A0&&!A0),PBS,6,0,1,37146,"2024-07-22 09:49:48",1,NONE,1,6,1,1,1,NULL,NULL
0.718975,"37144 KB","["!(A0&&A1)", "(A1||A0)||A0", "A0&&(A2||A1)", "A2||(A2&&A1)", "!(A1||A0)"]",2,5,4,2,0,data/SRS/Dataset_A/sig3_5_15/srs_11.txt,0,"["!(A1||A0)", "A0&&(A2||A1)"]",0,1,(A0&&!A0),PBS,8,0,1,37151,"2024-07-22 09:49:52",2,NONE,1,8,1,2,2,NULL,NULL
34.9281,"38252 KB","["(A2&&A2)||(A1&&A1)", "(A1&&A0)&&(A0||A0)", "A0||A0", "!A0", "A0", "A1", "!A2", "(A1||A0)&&!A2", "A2||A1", "A1||A0", "!(A1&&A0)", "A1||(A0||A2)"]",2,234,233,7,0,data/SRS/Dataset_A/sig3_5_15/srs_110.txt,0,"["!(A1&&A0)", "(A1||A0)&&!A2", "A0", "(A1&&A0)&&(A0||A0)", "A1", "A2||A1", "!A0"]",0,1,(A0&&!A0),PBS,49,0,1,37154,"2024-07-22 09:51:02",7,NONE,2,49,0,7,7,NULL,NULL
2.17138,"37980 KB","["A1&&A2", "!A2||A2", "A1&&A1", "A0", "A2", "A1||(A2&&A2)", "A1||A0", "A2&&A1", "!(A1||A0)"]",2,11,10,5,0,data/SRS/Dataset_A/sig3_5_15/srs_111.txt,0,"["A1&&A2", "A1&&A1", "A0", "A1||A0", "A2&&A1"]",0,1,(A0&&!A0),PBS,31,0,1,37159,"2024-07-22 09:51:12",5,NONE,1,31,3,5,5,NULL,NULL
13.4479,"38100 KB","["!A1||A1", "A1||A2", "!(A1&&A2)", "!A0", "A1&&(A2&&!A0)", "!A2", "(A2&&A0)&&A0", "(A0&&A1)&&A0", "!(A2&&A0)", "(A2||A2)&&(A2||!A1)"]",2,93,92,6,0,data/SRS/Dataset_A/sig3_5_15/srs_112.txt,0,"["(A2||A2)&&(A2||!A1)", "!(A2&&A0)", "!A0", "(A2&&A0)&&A0", "A1&&(A2&&!A0)", "!(A1&&A2)"]",0,1,(A0&&!A0),PBS,42,0,1,37162,"2024-07-22 09:51:41",6,NONE,4,42,0,6,6,NULL,NULL
0.707463,"37252 KB","["!(A0&&A2)", "A0||A0", "A0||A2", "!A0", "(A1&&A2)||A2", "(A0||A2)||A0"]",2,6,5,2,0,data/SRS/Dataset_A/sig3_5_15/srs_113.txt,0,"["(A1&&A2)||A2", "!A0"]",0,1,(A0&&!A0),PBS,5,0,1,37167,"2024-07-22 09:51:50",2,NONE,1,5,1,2,2,NULL,NULL
0.950816,"37100 KB","["!A0", "!(!A1)", "A0", "(A1||A2)&&A2", "(A0||A2)||A0", "(A0&&A2)&&!A0", "A2||A0"]",2,5,4,2,0,data/SRS/Dataset_A/sig3_5_15/srs_114.txt,0,"["(A0&&A2)&&!A0", "A0"]",0,1,(A0&&!A0),PBS,9,0,1,37170,"2024-07-22 09:51:54",2,NONE,2,9,0,2,2,NULL,NULL
7.44888,"38068 KB","["(A1&&A0)||(A1&&A0)", "A0&&A2", "!(!A0)", "!A1", "A0||(A1&&A1)", "A0&&(A1||A1)", "!(A2&&A2)", "!(A1||A0)"]",2,53,52,7,0,data/SRS/Dataset_A/sig3_5_15/srs_115.txt,0,"["!(A1||A0)", "A0&&A2", "!(!A0)", "A0||(A1&&A1)", "A0&&(A1||A1)", "!(A2&&A2)", "!A1"]",0,1,(A0&&!A0),PBS,32,0,1,37175,"2024-07-22 09:52:21",7,NONE,3,32,3,7,7,NULL,NULL
0.406638,"37112 KB","["A1&&A2", "A2&&A2", "((A0&&A1)||A2)&&(A1||A0)", "!A1", "A2", "A2||(A1||A0)", "A2||A0"]",2,3,2,1,0,data/SRS/Dataset_A/sig3_5_15/srs_116.txt,0,"["A1&&A2"]",0,1,(A0&&!A0),PBS,4,0,1,37180,"2024-07-22 09:52:27",1,NONE,1,4,1,1,1,NULL,NULL
4.27728,"37952 KB","["!A1&&A1", "(A0&&A0)&&(A2&&A2)", "A2||A2", "!A1&&(A0||(A2&&A2))", "!A2", "A2", "A1&&(A0||A1)", "!(A1||A0)"]",2,35,34,6,0,data/SRS/Dataset_A/sig3_5_15/srs_118.txt,0,"["!(A1||A0)", "!A1&&(A0||(A2&&A2))", "A2", "(A0&&A0)&&(A2&&A2)", "A2||A2", "!A1&&A1"]",0,1,(A0&&!A0),PBS,32,0,1,37185,"2024-07-22 09:52:45",6,NONE,4,32,3,6,6,NULL,NULL
0.376243,"37048 KB","["!A0||A1", "A0", "!A2", "!A1&&(A2&&A1)", "(A0||A1)||!A1", "A0||!A0"]",2,2,1,1,0,data/SRS/Dataset_A/sig3_5_15/srs_119.txt,0,"["!A1&&(A2&&A1)"]",0,1,(A0&&!A0),PBS,4,0,1,37190,"2024-07-22 09:52:50",1,NONE,1,4,2,1,1,NULL,NULL
2.61704,"37948 KB","["A1||A2", "A2||A2", "A0&&A2", "A2||(A1&&A2)", "!A0&&(A2&&A0)", "A0||(A0&&(A1||A2))", "!(!A1)", "!A1", "A0", "A2", "(A1||A0)&&A0", "(!A0&&A1)&&A0", "!(A1||A1)"]",2,8,7,4,0,data/SRS/Dataset_A/sig3_5_15/srs_12.txt,0,"["!(A1||A1)", "(!A0&&A1)&&A0", "!A1", "!A0&&(A2&&A0)"]",0,1,(A0&&!A0),PBS,21,0,1,37193,"2024-07-22 09:52:57",4,NONE,3,21,0,4,4,NULL,NULL
9.04208,"37940 KB","["!(!A0||A1)", "!A1&&A1", "A1&&A2", "A2&&(A0||(A0||A1))", "A0||A0", "!(!A1)", "!A0", "(A2&&A0)||!A1", "(A1&&A1)||A2", "!A1&&(A1&&A0)", "(!A0&&A0)||(A2&&A2)"]",2,51,50,7,0,data/SRS/Dataset_A/sig3_5_15/srs_120.txt,0,"["!A1&&(A1&&A0)", "!A0", "A2&&(A0||(A0||A1))", "!(!A1)", "A0||A0", "!(!A0||A1)", "!A1&&A1"]",0,1,(A0&&!A0),PBS,45,0,1,37198,"2024-07-22 09:53:36",7,NONE,4,45,1,7,7,NULL,NULL
9.53912,"37964 KB","["A0||A1", "A0||A2", "A2||(A2||A0)", "!A1", "A0", "!(!A2)", "!A2", "A1", "(A1&&A0)||A2", "(A1||A1)||A1", "(A0||A0)||A1", "!A1&&(A2||A1)"]",2,40,39,6,0,data/SRS/Dataset_A/sig3_5_15/srs_121.txt,0,"["!A2", "(A1||A1)||A1", "!A1", "(A1&&A0)||A2", "A1", "!(!A2)"]",0,1,(A0&&!A0),PBS,40,0,1,37203,"2024-07-22 09:54:10",6,NONE,3,40,2,6,6,NULL,NULL
1.42527,"37164 KB","["!A0||A2", "A2&&(A2&&A0)", "!A0", "!A1", "!A2&&(A1||A2)", "!A0||(A1||A0)", "(A1&&A1)||!A0", "A2||A1"]",2,12,11,3,0,data/SRS/Dataset_A/sig3_5_15/srs_122.txt,0,"["A2&&(A2&&A0)", "!A1", "!A0"]",0,1,(A0&&!A0),PBS,17,0,1,37208,"2024-07-22 09:54:19",3,NONE,2,17,2,3,3,NULL,NULL
158.188,"38748 KB","["!A0||!A1", "!(!A1)||A0", "A0||A1", "A0||A0", "A1&&A1", "A0||A2", "!(!A1)", "A1", "A2||(A1&&A2)", "(A2||A1)&&A0", "!(A2||A2)", "!(A1||A0)"]",2,937,936,10,0,data/SRS/Dataset_A/sig3_5_15/srs_123.txt,0,"["!(!A1)||A0", "A0||A1", "A0||A2", "!(!A1)", "(A2||A1)&&A0", "A2||(A1&&A2)", "!A0||!A1", "A1", "A0||A0", "A1&&A1"]",0,1,(A0&&!A0),PBS,67,0,1,37213,"2024-07-22 10:00:15",10,NONE,3,67,3,10,10,NULL,NULL
1.39433,"37144 KB","["!(A0||A2)", "!A2&&A2", "(!A2||(A2&&A0))||A1", "A0&&A2", "A2||(A2&&A0)", "!A2"]",2,12,11,4,0,data/SRS/Dataset_A/sig3_5_15/srs_124.txt,0,"["!A2", "!(A0||A2)", "A0&&A2", "!A2&&A2"]",0,1,(A0&&!A0),PBS,18,0,1,37218,"2024-07-22 10:00:27",4,NONE,3,18,2,4,4,NULL,NULL
1.34426,"37244 KB","["A0&&A1", "A1||A1", "(A2||A0)||((A2||(A0||A1))||A0)", "!A2", "A1", "A1||(A2&&A1)", "!(A2||A0)", "A1&&!A1"]",2,5,4,2,0,data/SRS/Dataset_A/sig3_5_15/srs_126.txt,0,"["A1&&!A1", "A0&&A1"]",0,1,(A0&&!A0),PBS,9,0,1,37223,"2024-07-22 10:00:37",2,NONE,2,9,2,2,2,NULL,NULL
11.4189,"38140 KB","["A0&&A1", "(A2||A1)||A1", "!(A2||A0)", "!(A1||A1)", "!(A2||A2)", "!(A2||A1)", "A2||A0", "!(!(A2&&A2))"]",2,92,91,7,0,data/SRS/Dataset_A/sig3_5_15/srs_127.txt,0,"["!(!(A2&&A2))", "!(A2||A2)", "!(A2||A1)", "A2||A0", "(A2||A1)||A1", "!(A1||A1)", "A0&&A1"]",0,1,(A0&&!A0),PBS,32,0,1,37228,"2024-07-22 10:01:09",7,NONE,4,32,4,7,6,NULL,NULL
3.83706,"38012 KB","["A1&&A2", "!A0||A0", "!A1&&A1", "A2&&A2", "!A1", "!A2", "(A0||A0)||A2", "!((A0||A1)||A2)"]",2,28,27,6,0,data/SRS/Dataset_A/sig3_5_15/srs_128.txt,0,"["A1&&A2", "A2&&A2", "(A0||A0)||A2", "!A2", "!A1", "!A1&&A1"]",0,1,(A0&&!A0),PBS,28,0,1,37231,"2024-07-22 10:01:24",6,NONE,4,28,0,6,6,NULL,NULL
1.38942,"37236 KB","["A1||A2", "A0&&A1", "!(A1&&A2)", "(A0&&A2)&&A0", "A2||!A2", "A0&&!A0", "A2||A0"]",2,7,6,2,0,data/SRS/Dataset_A/sig3_5_15/srs_13.txt,0,"["A0&&!A0", "A0&&A1"]",0,1,(A0&&!A0),PBS,13,0,1,37236,"2024-07-22 10:01:35",2,NONE,2,13,2,2,2,NULL,NULL
1.12518,"37228 KB","["(A1&&A1)||(A0||A0)", "A0&&A0", "A1||!A2", "!(!A0)", "!A1", "!A2", "(A0&&A0)||A1", "A2||(A2&&A2)"]",2,6,5,2,0,data/SRS/Dataset_A/sig3_5_15/srs_130.txt,0,"["A1||!A2", "!A2"]",0,1,(A0&&!A0),PBS,12,0,1,37241,"2024-07-22 10:01:42",2,NONE,1,12,1,2,2,NULL,NULL
0.442329,"37092 KB","["!A0||A0", "A1", "A1||A0", "!A2&&A0", "!A0&&(A0&&A0)"]",2,2,1,1,0,data/SRS/Dataset_A/sig3_5_15/srs_131.txt,0,"["!A0&&(A0&&A0)"]",0,1,(A0&&!A0),PBS,3,0,1,37246,"2024-07-22 10:01:46",1,NONE,1,3,1,1,1,NULL,NULL
16.3042,"38020 KB","["A0||!A2", "!(A1||A2)", "A0&&((A2||A1)||A0)", "!A1||A2", "!A0", "A2||(A2&&A0)", "(A1||A0)||A1", "A0||(A0||A0)", "(A1||A2)||!A0", "((A2||A2)||A2)||A2", "A1||A0"]",2,125,124,8,0,data/SRS/Dataset_A/sig3_5_15/srs_132.txt,0,"["A1||A0", "!(A1||A2)", "(A1||A2)||!A0", "((A2||A2)||A2)||A2", "A0||(A0||A0)", "(A1||A0)||A1", "A2||(A2&&A0)", "A0&&((A2||A1)||A0)"]",0,1,(A0&&!A0),PBS,49,0,1,37251,"2024-07-22 10:02:23",8,NONE,2,49,2,8,8,NULL,NULL
9.23911,"37980 KB","["!(A1||A2)", "A1||A1", "!(A0||A1)", "A0", "A1", "A2", "A1&&(A1||A2)", "A2||!A0", "A1||A0", "(A2&&A1)&&(A2&&A0)"]",2,82,81,8,0,data/SRS/Dataset_A/sig3_5_15/srs_133.txt,0,"["!(A1||A2)", "A1||A0", "!(A0||A1)", "A1&&(A1||A2)", "A2", "A1", "A0", "A1||A1"]",0,1,(A0&&!A0),PBS,45,0,1,37256,"2024-07-22 10:02:47",8,NONE,2,45,2,8,8,NULL,NULL
9.9478,"38008 KB","["A1&&A2", "!(!A2)&&A0", "A2&&A2", "A1&&(A0||A1)", "A0||(A2&&A1)", "(A2&&(A0&&A0))||A0", "A1", "(A0&&A0)||A1", "(A0||A1)||A1", "(A0&&A1)&&!A2", "(A0||A1)&&!A1", "(A0||A2)||!A1", "A1&&A0"]",2,39,38,7,0,data/SRS/Dataset_A/sig3_5_15/srs_134.txt,0,"["(A0||A1)&&!A1", "A1&&(A0||A1)", "A1", "(A0&&A1)&&!A2", "A1&&A2", "!(!A2)&&A0", "A2&&A2"]",0,1,(A0&&!A0),PBS,45,0,1,37261,"2024-07-22 10:03:13",7,NONE,2,45,2,7,7,NULL,NULL
23.8918,"38024 KB","["A0&&A1", "A1&&A2", "!A1&&A1", "A0&&A0", "A2||(A0&&A2)", "(A0||A0)||(A2||A1)", "!(!A1)", "!A0", "!A2", "A2", "(A0&&A0)||A2", "A1||A0", "!(A1||A1)"]",2,116,115,10,0,data/SRS/Dataset_A/sig3_5_15/srs_135.txt,0,"["!(A1||A1)", "!A0", "!A2", "A2", "A1&&A2", "A2||(A0&&A2)", "A0&&A1", "A0&&A0", "!A1&&A1"]",0,1,(A0&&!A0),PBS,71,0,1,37266,"2024-07-22 10:04:29",9,NONE,4,71,2,9,9,NULL,NULL
20.1646,"38208 KB","["A1||A2", "A0&&A1", "(A0||A0)&&(A0||A1)", "!(A1||A2)", "(A1&&(A1&&A0))&&A0", "(A2||A0)||(A0||A0)", "A2", "(A0&&A2)||(A1||A0)", "!A0&&(A0||A2)", "!(A0&&A0)", "(A0&&A1)&&(A0||A0)"]",2,121,120,10,0,data/SRS/Dataset_A/sig3_5_15/srs_136.txt,0,"["(A0&&A1)&&(A0||A0)", "!(A0&&A0)", "(A0||A0)&&(A0||A1)", "(A2||A0)||(A0||A0)", "(A0&&A2)||(A1||A0)", "!A0&&(A0||A2)", "A2", "(A1&&(A1&&A0))&&A0", "A1||A2", "A0&&A1"]",0,1,(A0&&!A0),PBS,59,0,1,37271,"2024-07-22 10:05:37",10,NONE,3,59,3,10,10,NULL,NULL
8.22787,"38136 KB","["A0&&A1", "A0||A0", "!A0&&A2", "!A1||A2", "A1||(A2||A1)", "A0||(A0||A2)", "!A0", "A0", "A1", "(A0&&A1)||A2", "A1||A0", "A0||!A0", "A0&&!A0"]",2,29,28,5,0,data/SRS/Dataset_A/sig3_5_15/srs_138.txt,0,"["A0&&!A0", "A0", "!A0", "A0&&A1", "A0||A0"]",0,1,(A0&&!A0),PBS,34,0,1,37274,"2024-07-22 10:06:00",5,NONE,3,34,0,5,5,NULL,NULL
9.27495,"38080 KB","["!(A1||A2)", "A1&&A1", "!A0&&A1", "!A0", "!A1", "A1", "A2", "(A0&&A1)||A1", "(A0&&A1)||A0"]",2,75,74,7,0,data/SRS/Dataset_A/sig3_5_15/srs_139.txt,0,"["(A0&&A1)||A0", "(A0&&A1)||A1", "!(A1||A2)", "A1", "!A0&&A1", "A1&&A1"]",0,1,(A0&&!A0),PBS,37,0,1,37279,"2024-07-22 10:06:36",6,NONE,3,37,3,6,7,NULL,NULL
1773.12,"42856 KB","["A0||A0", "A0&&(A2&&A1)", "A2&&(A1||A0)", "(A0||A2)&&(A1||A2)", "!A1&&(A0||A1)", "!A1||((A0&&A2)&&A2)", "!A0", "!A1", "A1", "!A2", "(A1&&A0)&&A1", "(A2||A0)&&A0", "(A1||A2)||A2", "(A2||A2)&&A1", "!((A0||A0)||A0)"]",2,7048,7047,14,0,data/SRS/Dataset_A/sig3_5_15/srs_14.txt,0,"["A0||A0", "!A1&&(A0||A1)", "(A2||A0)&&A0", "(A2||A2)&&A1", "!A2", "(A1||A2)||A2", "(A1&&A0)&&A1", "A2&&(A1||A0)", "(A0||A2)&&(A1||A2)", "!A1||((A0&&A2)&&A2)", "!A1", "A1", "!A0", "A0&&(A2&&A1)"]",0,1,(A0&&!A0),PBS,118,0,1,37284,"2024-07-22 11:12:27",14,NONE,5,118,1,14,14,NULL,NULL
0.711723,"37128 KB","["A1&&A2", "A1&&A1", "!(!A0)", "A0&&A2", "!A1", "(A2&&!A2)||A2", "A0||(A1&&A0)", "A1||(A2&&A0)", "A0&&(A1||A2)"]",2,5,4,2,0,data/SRS/Dataset_A/sig3_5_15/srs_140.txt,0,"["A1&&A2", "A1&&A1"]",0,1,(A0&&!A0),PBS,7,0,1,37289,"2024-07-22 11:12:47",2,NONE,1,7,1,2,2,NULL,NULL
392.222,"39244 KB","["A2&&A2", "!(A0||A1)", "A0&&A2", "A1||(A0||A2)", "(A1&&(A1&&A0))&&A2", "!A1", "!A2", "(A2&&A2)||!A2", "(A2||A1)&&A0", "(A1||A1)&&A1", "!((A2&&A2)&&A1)", "(A1||A2)||A0", "(A0&&A1)&&A0", "!(A2&&A0)", "!(A0||A0)"]",2,1735,1734,11,0,data/SRS/Dataset_A/sig3_5_15/srs_142.txt,0,"["!(A0||A0)", "!(A2&&A0)", "!((A2&&A2)&&A1)", "!(A0||A1)", "(A1||A1)&&A1", "!A1", "(A2||A1)&&A0", "!A2", "A1||(A0||A2)", "(A1&&(A1&&A0))&&A2", "A0&&A2"]",0,1,(A0&&!A0),PBS,105,0,1,37294,"2024-07-22 11:27:11",11,NONE,6,105,1,11,11,NULL,NULL
5.93994,"38104 KB","["!(A0&&A2)", "(A0&&(A2||A0))&&A0", "!A1", "A0", "(A2||A1)||A2", "(A1&&A1)||A2", "!(A2&&A0)", "A2||A0"]",2,65,64,4,0,data/SRS/Dataset_A/sig3_5_15/srs_143.txt,0,"["(A1&&A1)||A2", "A0", "!(A0&&A2)", "(A2||A1)||A2"]",0,1,(A0&&!A0),PBS,26,0,1,37299,"2024-07-22 11:28:03",4,NONE,1,26,1,4,4,NULL,NULL
8.38321,"38096 KB","["A2||A2", "!(!A0)", "!A1", "!A2", "A1", "(A2||A0)||A2", "(A2||A2)&&A2", "A2||!A0", "!A0&&(A2&&A2)"]",2,59,58,7,0,data/SRS/Dataset_A/sig3_5_15/srs_144.txt,0,"["!A0&&(A2&&A2)", "!A2", "A2||!A0", "(A2||A0)||A2", "(A2||A2)&&A2", "A1", "A2||A2"]",0,1,(A0&&!A0),PBS,41,0,1,37304,"2024-07-22 11:28:32",7,NONE,3,41,3,7,7,NULL,NULL
9.64809,"37996 KB","["A1||A2", "A1&&A2", "A1||!A2", "!A0", "!A1", "A1||(A0&&A1)", "A1||(A1&&A2)", "(A1||A2)&&A0", "A2&&!A2"]",2,51,50,7,0,data/SRS/Dataset_A/sig3_5_15/srs_145.txt,0,"["A2&&!A2", "(A1||A2)&&A0", "!A1", "A1||(A0&&A1)", "A1||A2", "A1&&A2"]",0,1,(A0&&!A0),PBS,35,0,1,37309,"2024-07-22 11:29:06",6,NONE,3,35,3,6,6,NULL,NULL
11.7187,"38088 KB","["A0||A0", "A2||A2", "!(!A0)", "!A1", "!A2", "(A1||A0)&&A2", "A2", "A1&&(A1||A1)", "A1&&(A2||A0)", "(A0&&A2)||A0", "!(A2&&A2)"]",2,59,58,6,0,data/SRS/Dataset_A/sig3_5_15/srs_146.txt,0,"["!(A2&&A2)", "A2", "!A1", "A1&&(A1||A1)", "!A2", "A2||A2"]",0,1,(A0&&!A0),PBS,42,0,1,37314,"2024-07-22 11:29:45",6,NONE,3,42,1,6,6,NULL,NULL
1.24719,"37156 KB","["!A1", "!A2", "(A1&&A0)&&A1", "(A1||A2)&&A1", "A2&&A0"]",2,11,10,3,0,data/SRS/Dataset_A/sig3_5_15/srs_147.txt,0,"["!A2", "(A1||A2)&&A1", "(A1&&A0)&&A1"]",0,1,(A0&&!A0),PBS,11,0,1,37319,"2024-07-22 11:29:56",3,NONE,2,11,2,3,3,NULL,NULL
2.21742,"37916 KB","["A1&&A1", "!(A0||A1)", "!A0||!A2", "!(!A1)", "A2", "!((A2||A1)&&A2)", "(A2||A2)||A2"]",2,17,16,4,0,data/SRS/Dataset_A/sig3_5_15/srs_148.txt,0,"["(A2||A2)||A2", "A2", "!(!A1)", "A1&&A1"]",0,1,(A0&&!A0),PBS,18,0,1,37324,"2024-07-22 11:30:03",4,NONE,2,18,2,4,4,NULL,NULL
8.08694,"38060 KB","["A0||!A1", "A2||A2", "!(A1&&A2)", "((A1&&A1)||A2)||A0", "!(!A0)", "(A2||A0)&&((A2&&A1)&&A2)", "(A2||A1)&&((A2||A0)||A2)", "!(!A1)", "!A2", "A2", "(A1||A0)||A0", "A2||(A2||A2)"]",2,39,38,5,0,data/SRS/Dataset_A/sig3_5_15/srs_149.txt,0,"["A2||(A2||A2)", "!A2", "A2", "A2||A2", "(A2||A0)&&((A2&&A1)&&A2)"]",0,1,(A0&&!A0),PBS,43,0,1,37327,"2024-07-22 11:30:22",5,NONE,2,43,0,5,5,NULL,NULL
3.98989,"38180 KB","["A1||A2", "A0&&A1", "A0||!A2", "A0&&A2", "!(!A1)", "!A1", "A0", "A1", "A2", "A2&&(A1&&A2)", "A0&&!A0"]",2,14,13,5,0,data/SRS/Dataset_A/sig3_5_15/srs_150.txt,0,"["A0&&!A0", "A2&&(A1&&A2)", "A1", "A0&&A1", "!(!A1)"]",0,1,(A0&&!A0),PBS,34,0,1,37332,"2024-07-22 11:30:38",5,NONE,2,34,2,5,5,NULL,NULL
8.99277,"38028 KB","["A1&&A2", "!A0", "A0", "!A2", "A2", "(A1||A2)&&A2", "A2||(A0&&A1)", "(A0&&A1)||!A0", "A1||A0", "!(A1||A0)"]",2,58,57,7,0,data/SRS/Dataset_A/sig3_5_15/srs_151.txt,0,"["A0", "A2||(A0&&A1)", "A1||A0", "(A1||A2)&&A2", "A2", "A1&&A2", "!A0"]",0,1,(A0&&!A0),PBS,47,0,1,37337,"2024-07-22 11:31:05",7,NONE,3,47,4,7,6,NULL,NULL
1.3098,"37188 KB","["!A0", "!(!A2)", "A1", "A2", "A1&&(A1||A2)", "(A2||A0)||A0", "(A0||A1)&&A1", "A2&&(A2&&A1)", "(A0||A1)&&(A2||A0)", "A0&&!A0", "A2&&A0"]",2,4,3,2,0,data/SRS/Dataset_A/sig3_5_15/srs_152.txt,0,"["A2&&A0", "A0&&!A0"]",0,1,(A0&&!A0),PBS,18,0,1,37340,"2024-07-22 11:31:12",2,NONE,2,18,0,2,2,NULL,NULL
0.943116,"37212 KB","["A2&&A2", "!A1", "!A2", "(A2||A1)&&!A2", "(A0||A0)||A1"]",2,9,8,3,0,data/SRS/Dataset_A/sig3_5_15/srs_153.txt,0,"["A2&&A2", "!A1", "!A2"]",0,1,(A0&&!A0),PBS,10,0,1,37343,"2024-07-22 11:31:17",3,NONE,2,10,0,3,3,NULL,NULL
1.10027,"37084 KB","["!A0||A0", "A0&&A0", "!A1||A2", "!A0", "(A2||A0)||!A0", "(A0&&A2)||A1", "A1&&!A1", "A2||A1", "A1||!A0"]",2,5,4,2,0,data/SRS/Dataset_A/sig3_5_15/srs_156.txt,0,"["A1&&!A1", "A0&&A0"]",0,1,(A0&&!A0),PBS,17,0,1,37348,"2024-07-22 11:31:26",2,NONE,2,17,2,2,2,NULL,NULL
142.463,"38784 KB","["!(A0||A2)", "A2||A2", "!(A0||A1)", "!A2||A1", "!A1||A0", "A1||(A0||A0)", "!A2&&(A1&&A0)", "A0&&((A0||A1)&&A2)", "!A0", "(A2&&A0)||(A0&&A2)", "A1", "A2", "!A2||A0"]",2,1067,1066,11,0,data/SRS/Dataset_A/sig3_5_15/srs_157.txt,0,"["!A2||A0", "!A0", "!(A0||A2)", "!A2||A1", "A1", "!A1||A0", "(A2&&A0)||(A0&&A2)", "A0&&((A0||A1)&&A2)", "!A2&&(A1&&A0)", "A1||(A0||A0)", "A2||A2"]",0,1,(A0&&!A0),PBS,82,0,1,37355,"2024-07-22 11:38:36",11,NONE,4,82,1,11,10,NULL,NULL
59.1305,"38568 KB","["!A2&&!A2", "A0&&A2", "!A0", "!A1", "(A0&&(A0&&A0))&&!A2", "!A2", "A2", "(A2||A1)||A2", "(A2&&A1)||A0", "A2&&(A0||A0)", "A2||A1"]",2,475,474,9,0,data/SRS/Dataset_A/sig3_5_15/srs_158.txt,0,"["!A2&&!A2", "A2&&(A0||A0)", "!A0", "(A2&&A1)||A0", "(A2||A1)||A2", "!A2", "A2", "(A0&&(A0&&A0))&&!A2", "A0&&A2"]",0,1,(A0&&!A0),PBS,63,0,1,37358,"2024-07-22 11:42:23",9,NONE,4,63,1,9,9,NULL,NULL
1.41602,"37196 KB","["A0&&A1", "(A1||A1)&&(A0&&A2)", "!(!A1)", "A0", "!A2", "(A2&&A1)&&A1", "A2||!A0", "A2||A1"]",2,11,10,4,0,data/SRS/Dataset_A/sig3_5_15/srs_159.txt,0,"["A2||!A0", "A0", "(A2&&A1)&&A1", "(A1||A1)&&(A0&&A2)"]",0,1,(A0&&!A0),PBS,16,0,1,37363,"2024-07-22 11:42:34",4,NONE,1,16,1,4,4,NULL,NULL
1.3529,"37228 KB","["!A0&&!A0", "!A0", "(A0&&(A1&&A1))||!A0", "(A1&&(A0&&A0))&&(A0||A0)", "(A2&&A1)&&A0"]",2,11,10,3,0,data/SRS/Dataset_A/sig3_5_15/srs_16.txt,0,"["(A2&&A1)&&A0", "(A1&&(A0&&A0))&&(A0||A0)", "!A0"]",0,1,(A0&&!A0),PBS,9,0,1,37366,"2024-07-22 11:42:38",3,NONE,2,9,0,3,3,NULL,NULL
0.908005,"37156 KB","["A1||A2", "A0&&A1", "!A0", "!A1", "(A0||!A0)||A2", "A1||(A0&&A0)", "A2||(A0||A0)", "(A2||(A1||A2))||(A2&&A1)", "A2||A0"]",2,8,7,2,0,data/SRS/Dataset_A/sig3_5_15/srs_160.txt,0,"["!A1", "!A0"]",0,1,(A0&&!A0),PBS,17,0,1,37371,"2024-07-22 11:42:43",2,NONE,2,17,2,2,2,NULL,NULL
33.1502,"38260 KB","["!A0&&A0", "A1||A1", "A2||A2", "!A0||!A0", "!A0&&A2", "A2&&(A0||A1)", "!(!A1)", "!(!A2)", "!A1", "A0", "(A0&&A0)&&A2", "(A2&&A2)||A1", "A1||A0", "!(A0&&A0)"]",2,174,173,9,0,data/SRS/Dataset_A/sig3_5_15/srs_161.txt,0,"["!(A0&&A0)", "A1||A0", "A0", "(A0&&A0)&&A2", "A1||A1", "!A0||!A0", "!A0&&A2", "!(!A1)", "!A0&&A0"]",0,1,(A0&&!A0),PBS,83,0,1,37376,"2024-07-22 11:43:38",9,NONE,4,83,1,9,9,NULL,NULL
64.2799,"38404 KB","["(A2&&A0)||(A2||A1)", "!(!A1)", "!A0", "!A1", "!A2", "A1", "(A2&&A0)&&!A1", "A2||(A2||A2)", "(A1||A2)||A0", "A1||A0", "!(A1&&A1)", "A1||!A0"]",2,486,485,9,0,data/SRS/Dataset_A/sig3_5_15/srs_162.txt,0,"["A1||!A0", "!A0", "!A1", "(A1||A2)||A0", "A2||(A2||A2)", "(A2&&A0)&&!A1", "A1", "(A2&&A0)||(A2||A1)", "!(!A1)"]",0,1,(A0&&!A0),PBS,67,0,1,37381,"2024-07-22 11:45:49",9,NONE,4,67,3,9,9,NULL,NULL
3.49246,"38172 KB","["(A0||A1)&&(A1||A2)", "A1&&A1", "A2&&A2", "(A2||A2)&&(A1&&A2)", "(A2&&A0)||(A0||A0)", "!(!A0)", "!A0", "!A1", "!(!A2&&A0)"]",2,20,19,5,0,data/SRS/Dataset_A/sig3_5_15/srs_163.txt,0,"["!A0", "A1&&A1", "(A2||A2)&&(A1&&A2)", "(A2&&A0)||(A0||A0)", "!(!A0)"]",0,1,(A0&&!A0),PBS,24,0,1,37386,"2024-07-22 11:46:09",5,NONE,2,24,2,5,4,NULL,NULL
365.526,"39524 KB","["!(A0||A2)", "A1||A1", "A1&&A1", "A1&&(A1&&A1)", "!A1&&(A2||A0)", "(A1&&A2)&&(A0||A1)", "!A0", "!A2", "A2", "(A2||A2)&&A2", "(!A2&&A0)||!A1", "(A0||A1)||A0", "!(!(A2&&A1))"]",2,2378,2377,12,0,data/SRS/Dataset_A/sig3_5_15/srs_164.txt,0,"["!(!(A2&&A1))", "(A0||A1)||A0", "A1||A1", "A2", "A1&&A1", "(A2||A2)&&A2", "A1&&(A1&&A1)", "!(A0||A2)", "!A2", "(A1&&A2)&&(A0||A1)", "!A1&&(A2||A0)"]",0,1,(A0&&!A0),PBS,84,0,1,37389,"2024-07-22 11:52:20",11,NONE,4,84,0,11,11,NULL,NULL
16.9423,"38168 KB","["(A2||A2)||(A1&&!A2)", "!(A0&&A1)", "!(A2||A2)&&(A0&&A0)", "A0", "!A1", "(A2||(A1||A0))&&(A2||A2)", "A1", "!A2", "!(A2&&A0)"]",2,146,145,6,0,data/SRS/Dataset_A/sig3_5_15/srs_166.txt,0,"["A0", "!A2", "!A1", "!(A2||A2)&&(A0&&A0)", "(A2||A2)||(A1&&!A2)", "!(A0&&A1)"]",0,1,(A0&&!A0),PBS,39,0,1,37396,"2024-07-22 12:24:10",6,NONE,3,39,2,6,6,NULL,NULL
14.2316,"38272 KB","["A0&&A1", "A1||(A2&&A1)", "!A0", "!A1", "!(!A2)", "A2", "(A0||A0)||A0", "(A0||A1)&&A0", "(A0||A2)||!A0", "A2&&A1", "A0||!A0", "A1||A0", "A2&&!A1", "A2||A0"]",2,69,68,7,0,data/SRS/Dataset_A/sig3_5_15/srs_167.txt,0,"["A1||(A2&&A1)", "!A0", "A2&&A1", "(A0||A1)&&A0", "(A0||A0)||A0", "!A1", "A0&&A1"]",0,1,(A0&&!A0),PBS,58,0,1,37401,"2024-07-22 12:24:45",7,NONE,3,58,1,7,7,NULL,NULL
47.3253,"38224 KB","["!(A0||A2)", "!A1||(A2||(A1||A2))", "A0", "!A2", "A1", "(A1||A0)||A2", "(A1||A1)||A0", "!(A2&&(A1||A1))", "A2&&!A0", "!(A1&&A1)", "A1&&A0", "A0||(A1||A2)"]",2,282,281,9,0,data/SRS/Dataset_A/sig3_5_15/srs_168.txt,0,"["!(A0||A2)", "A1&&A0", "(A1||A0)||A2", "A1", "A2&&!A0", "!A2", "!(A2&&(A1||A1))", "(A1||A1)||A0", "A0"]",0,1,(A0&&!A0),PBS,61,0,1,37406,"2024-07-22 12:25:46",9,NONE,3,61,2,9,9,NULL,NULL
1.00716,"37104 KB","["(A0&&A0)||(A1&&A1)", "!A1", "A0", "!(A0||A0)", "A2&&A0"]",2,10,9,3,0,data/SRS/Dataset_A/sig3_5_15/srs_169.txt,0,"["!(A0||A0)", "!A1", "A0"]",0,1,(A0&&!A0),PBS,12,0,1,37411,"2024-07-22 12:25:57",3,NONE,1,12,1,3,3,NULL,NULL
93.1245,"38540 KB","["A0&&!A2", "!A1&&(A0||A0)", "A2||(A2&&(A0&&A2))", "!(!A1)", "!A2", "A1", "(A1&&A1)&&A2", "(A0||A0)||A1", "(A0&&A2)&&A2", "!(A2||A0)", "!(A1||A1)", "A2||!A2", "!(A2&&A1)"]",2,704,703,10,0,data/SRS/Dataset_A/sig3_5_15/srs_17.txt,0,"["!(A2&&A1)", "!(A1||A1)", "!(A2||A0)", "(A0&&A2)&&A2", "!A1&&(A0||A0)", "!A2", "A1", "A2||(A2&&(A0&&A2))", "!(!A1)", "A0&&!A2"]",0,1,(A0&&!A0),PBS,79,0,1,37416,"2024-07-22 12:28:17",10,NONE,6,79,1,10,10,NULL,NULL
0.674909,"37164 KB","["!(A2||A2)&&(A1&&A0)", "!A2&&!A2", "!A2", "A0&&(A1||A1)", "!A0&&(A1&&A1)"]",2,5,4,2,0,data/SRS/Dataset_A/sig3_5_15/srs_170.txt,0,"["!A0&&(A1&&A1)", "A0&&(A1||A1)"]",0,1,(A0&&!A0),PBS,7,0,1,37421,"2024-07-22 12:28:40",2,NONE,1,7,1,2,2,NULL,NULL
9.2226,"37980 KB","["!(A0&&A2)", "A0||A2", "!A0", "!(!A1)", "!A1", "A0", "A2", "(A0||A0)&&A2", "!(A0&&A0)"]",2,57,56,6,0,data/SRS/Dataset_A/sig3_5_15/srs_171.txt,0,"["A0", "(A0||A0)&&A2", "!(A0&&A2)", "A2", "!A0", "!A1"]",0,1,(A0&&!A0),PBS,33,0,1,37426,"2024-07-22 12:29:04",6,NONE,3,33,1,6,6,NULL,NULL
1.78427,"37436 KB","["!A1||A1", "A1||A1", "!A0", "A0", "A2", "!(A0||(A0&&A0))", "A0&&(A0||A2)"]",2,11,10,3,0,data/SRS/Dataset_A/sig3_5_15/srs_173.txt,0,"["A0&&(A0||A2)", "A0", "!A0"]",0,1,(A0&&!A0),PBS,14,0,1,37429,"2024-07-22 12:29:14",3,NONE,2,14,0,3,3,NULL,NULL
8.07524,"38168 KB","["A1&&A2", "!A0||A2", "A0&&A2", "A2&&!(A1&&A0)", "!A2", "A2||(A2&&A2)", "(A0||A2)||!A1", "!(A2||A1)"]",2,58,57,5,0,data/SRS/Dataset_A/sig3_5_15/srs_176.txt,0,"["!(A2||A1)", "A2||(A2&&A2)", "!A2", "A2&&!(A1&&A0)", "A0&&A2"]",0,1,(A0&&!A0),PBS,25,0,1,37438,"2024-07-22 13:01:40",5,NONE,3,25,1,5,5,NULL,NULL
133.516,"38552 KB","["A0||(A1||A1)", "A1&&(A1||A2)", "!A2||(A0||A0)", "A0&&(A0&&A2)", "A2||(A1||(A1||A2))", "!A0", "A0", "!A2", "A2", "(A0&&A0)&&!A2", "(A2||A1)&&!A0", "(A0||A1)||!A0", "A1&&A0", "!A2&&!A1"]",2,632,631,11,0,data/SRS/Dataset_A/sig3_5_15/srs_177.txt,0,"["!A2&&!A1", "A2||(A1||(A1||A2))", "A2", "(A2||A1)&&!A0", "A1&&A0", "!A2||(A0||A0)", "A0", "(A0&&A0)&&!A2", "!A2", "!A0", "A0&&(A0&&A2)"]",0,1,(A0&&!A0),PBS,82,0,1,37443,"2024-07-22 13:04:19",11,NONE,5,82,1,11,11,NULL,NULL
33.0393,"38112 KB","["!(A0||A1)", "A1||(A1&&A2)", "(A0||(A1&&A0))&&(A0&&A1)", "A1&&(A2||A1)", "A1&&(A2||A0)", "(A0&&A1)||(A1||A0)", "!A1&&(A0||A1)", "A2", "(A1||A2)&&A2", "(A0&&A1)||A2", "(A0&&A0)&&A0", "!(!(A1||A0))", "!A2||A0", "!(A2&&A2)", "A1||A0"]",2,179,178,13,0,data/SRS/Dataset_A/sig3_5_15/srs_178.txt,0,"["!(A0||A1)", "(A0&&A1)||A2", "A2", "(A1||A2)&&A2", "!A2||A0", "!(!(A1||A0))", "(A0&&A0)&&A0", "!A1&&(A0||A1)", "(A0&&A1)||(A1||A0)", "A1&&(A2||A0)", "A1&&(A2||A1)", "(A0||(A1&&A0))&&(A0&&A1)", "A1||(A1&&A2)"]",0,1,(A0&&!A0),PBS,109,0,1,37448,"2024-07-22 13:05:18",13,NONE,3,109,2,13,13,NULL,NULL
7.87414,"38220 KB","["(A1&&A1)&&(A2||A2)", "A1||A2", "A1||A1", "!(!A2)||A2", "A0&&A2", "!A0", "(A0||(A2||A2))||!A2", "(A1&&A1)||A2", "(A1&&A2)||A1", "!(A2&&A1)"]",2,42,41,5,0,data/SRS/Dataset_A/sig3_5_15/srs_179.txt,0,"["(A1&&A1)&&(A2||A2)", "!(!A2)||A2", "(A1&&A2)||A1", "A0&&A2", "!A0"]",0,1,(A0&&!A0),PBS,33,0,1,37453,"2024-07-22 13:05:38",5,NONE,2,33,3,5,5,NULL,NULL
10.793,"37972 KB","["A0||A1", "A1||A2", "A0&&A0", "!(!A0||A0)", "A1&&(!A1||A1)", "A0&&(A2||A0)", "!A0||(A0||A0)", "!A1", "A1", "(A2||A2)&&!A2", "(A1&&A2)||A1", "A2||A1", "!(A1||A0)"]",2,47,46,9,0,data/SRS/Dataset_A/sig3_5_15/srs_18.txt,0,"["!(A1||A0)", "A0&&A0", "A0&&(A2||A0)", "(A1&&A2)||A1", "!A1", "(A2||A2)&&!A2", "A1", "A1&&(!A1||A1)", "!(!A0||A0)"]",0,1,(A0&&!A0),PBS,71,0,1,37458,"2024-07-22 13:06:03",9,NONE,4,71,1,9,9,NULL,NULL
3.91979,"37988 KB","["A1||!A2", "(A0&&A0)||(A0||A2)", "!(!A0)", "!A0", "A0", "!A2", "A2", "A0||(A0&&A0)", "A1&&A0"]",2,28,27,6,0,data/SRS/Dataset_A/sig3_5_15/srs_180.txt,0,"["!A0", "A0||(A0&&A0)", "!A2", "(A0&&A0)||(A0||A2)", "A0", "!(!A0)"]",0,1,(A0&&!A0),PBS,31,0,1,37463,"2024-07-22 13:06:20",6,NONE,2,31,2,6,6,NULL,NULL
1.2286,"37084 KB","["!((A1||A0)&&(A0&&A0))", "A0&&A1", "A0||!A2", "A0||A0", "A2&&A2", "A0&&A0", "A1||!(!A0)", "A1||A0"]",2,12,11,4,0,data/SRS/Dataset_A/sig3_5_15/srs_181.txt,0,"["A0&&A0", "A2&&A2", "A0||A0", "A0&&A1"]",0,1,(A0&&!A0),PBS,19,0,1,37468,"2024-07-22 13:06:26",4,NONE,1,19,1,4,4,NULL,NULL
66.1382,"38452 KB","["!A1&&A1", "A0||A1", "!(A1&&A2)", "A0&&A2", "(A2&&A1)||!(A2||A2)", "(A1&&A0)||(A1||A1)", "!A1", "!A2", "(!A2&&A0)&&A2", "A2", "(A1||A1)&&A1", "A2&&((A1||A1)||(A2&&A2))", "(A0&&A2)&&A0"]",2,490,489,10,0,data/SRS/Dataset_A/sig3_5_15/srs_183.txt,0,"["(A2&&A1)||!(A2||A2)", "!A2", "A2&&((A1||A1)||(A2&&A2))", "(A1||A1)&&A1", "A2", "(!A2&&A0)&&A2", "A0&&A2", "(A1&&A0)||(A1||A1)", "!(A1&&A2)", "!A1&&A1"]",0,1,(A0&&!A0),PBS,74,0,1,37471,"2024-07-22 13:07:36",10,NONE,5,74,0,10,10,NULL,NULL
41.3998,"38260 KB","["A1&&A2", "!A2&&A2", "A0||A2", "!A0", "A1", "!A2", "(A2&&A0)||A2", "(A2||A0)||A0", "(A2&&A2)||A1", "((A2&&A2)||A0)&&!A1", "!A1&&!A0", "(A0||A0)||(A2&&A1)"]",2,289,288,10,0,data/SRS/Dataset_A/sig3_5_15/srs_184.txt,0,"["!A2", "!A1&&!A0", "A1", "((A2&&A2)||A0)&&!A1", "(A2&&A2)||A1", "(A2||A0)||A0", "(A2&&A0)||A2", "A1&&A2", "A0||A2", "!A2&&A2"]",0,1,(A0&&!A0),PBS,70,0,1,37474,"2024-07-22 13:08:38",10,NONE,4,70,0,10,10,NULL,NULL
27.8847,"38020 KB","["!(A1&&A2)", "!A2&&A1", "((A2&&A1)||A2)&&A1", "!(!A0)", "!A2", "(A0||!A0)&&!A1", "!A2||A0", "!A2&&A0", "A2&&A1", "A2||A1", "!(A2||A1)"]",2,171,170,8,0,data/SRS/Dataset_A/sig3_5_15/srs_185.txt,0,"["!(A2||A1)", "A2&&A1", "A2||A1", "!A2&&A0", "(A0||!A0)&&!A1", "!A2", "!(A1&&A2)", "!A2&&A1"]",0,1,(A0&&!A0),PBS,46,0,1,37477,"2024-07-22 13:09:19",8,NONE,4,46,0,8,8,NULL,NULL
5.96984,"37988 KB","["!A1||A1", "A1&&A2", "!(!A1)", "!A0", "!(!A2)", "A0", "A0||(A0&&A0)", "A1&&(A2&&A0)", "A0||(A0||A2)", "!(A1&&A1)"]",2,29,28,6,0,data/SRS/Dataset_A/sig3_5_15/srs_186.txt,0,"["A1&&A2", "!(!A1)", "A1&&(A2&&A0)", "!A0", "A0||(A0&&A0)", "A0"]",0,1,(A0&&!A0),PBS,37,0,1,37482,"2024-07-22 13:09:36",6,NONE,2,37,2,6,6,NULL,NULL
3.84944,"37976 KB","["(A1&&A0)&&(A1&&A2)", "!A1", "!A2", "A2", "A2&&(A2||A1)", "A2&&A1", "A2&&A0", "A1&&(A0||A2)", "(A0||A1)&&(A0||A0)"]",2,37,36,6,0,data/SRS/Dataset_A/sig3_5_15/srs_187.txt,0,"["A1&&(A0||A2)", "A2&&A0", "A2&&A1", "A2&&(A2||A1)", "A2", "(A1&&A0)&&(A1&&A2)"]",0,1,(A0&&!A0),PBS,34,0,1,37487,"2024-07-22 13:09:47",6,NONE,2,34,2,6,6,NULL,NULL
0.434311,"37192 KB","["A1||A1", "!(!A1)", "!A2", "A1&&(A0||A0)", "(A0&&A2)&&!A2", "A2||A0"]",2,2,1,1,0,data/SRS/Dataset_A/sig3_5_15/srs_188.txt,0,"["(A0&&A2)&&!A2"]",0,1,(A0&&!A0),PBS,1,0,1,37492,"2024-07-22 13:09:52",1,NONE,1,1,1,1,1,NULL,NULL
23.6427,"38084 KB","["!A1&&A1", "A1&&A2", "A1||A2", "A1&&(A2&&A0)", "A1&&(A0||A2)", "(A1&&A2)||(A0&&A0)", "A0&&(A1&&A2)", "(A2&&A2)||(A0&&A0)", "!A0", "!A1", "A1", "(A2||A0)&&A0", "(A2||A1)&&A0", "A1&&!A1"]",2,89,88,10,0,data/SRS/Dataset_A/sig3_5_15/srs_189.txt,0,"["A1&&!A1", "(A2||A1)&&A0", "(A2||A0)&&A0", "A1", "A1&&A2", "A1&&(A0||A2)", "(A1&&A2)||(A0&&A0)", "A1&&(A2&&A0)", "A0&&(A1&&A2)", "!A1&&A1"]",0,1,(A0&&!A0),PBS,76,0,1,37497,"2024-07-22 13:10:48",10,NONE,4,76,1,10,10,NULL,NULL
3.88209,"38004 KB","["!(!A0)", "!(!A1)", "!A1", "A1", "A0||(A1&&A1)", "A1||(A0&&A0)", "A1||(A1&&A0)", "A2||(A1&&A1)", "!A0&&(A0||A2)", "((A2||A2)||A1)||A2"]",2,25,24,6,0,data/SRS/Dataset_A/sig3_5_15/srs_19.txt,0,"["!A0&&(A0||A2)", "A0||(A1&&A1)", "A1||(A0&&A0)", "A1||(A1&&A0)", "A1", "!(!A1)"]",0,1,(A0&&!A0),PBS,42,0,1,37502,"2024-07-22 13:11:08",6,NONE,2,42,2,6,6,NULL,NULL
14.5195,"38028 KB","["A1&&A1", "!(A0||A1)", "!(!A0)", "!A0", "!A1", "A1&&(A1||A0)", "!A2&&(A1&&A0)", "A2&&(A0&&A0)", "A1||A0"]",2,140,139,8,0,data/SRS/Dataset_A/sig3_5_15/srs_191.txt,0,"["A1||A0", "A2&&(A0&&A0)", "!A2&&(A1&&A0)", "A1&&(A1||A0)", "!(!A0)", "!(A0||A1)", "A1&&A1"]",0,1,(A0&&!A0),PBS,41,0,1,37507,"2024-07-22 13:11:36",7,NONE,4,41,2,7,7,NULL,NULL
26.1278,"38116 KB","["(A1||A2)||(A0||A2)", "A2||A2", "!(!A1)", "!A0", "!A1", "A0", "!A2", "(A0||A0)&&((A2&&A0)&&A1)", "(A1&&A0)&&A0", "A2&&A1", "!A2||((A0||A0)&&A0)"]",2,210,209,9,0,data/SRS/Dataset_A/sig3_5_15/srs_192.txt,0,"["!A2||((A0||A0)&&A0)", "A2&&A1", "(A1&&A0)&&A0", "(A0||A0)&&((A2&&A0)&&A1)", "!A2", "A2||A2", "A0", "!(!A1)"]",0,1,(A0&&!A0),PBS,55,0,1,37512,"2024-07-22 13:12:15",8,NONE,3,55,3,8,9,NULL,NULL
4.91042,"38184 KB","["!A2||A2", "A2&&(A0||(A1||A2))", "A2&&A2", "A0||A2", "!A1", "(A1&&(A2&&A2))&&A0", "((A0&&A0)||A0)||(A2||A1)", "A2", "(A1&&A0)&&A0", "(A2||A2)||A0", "!(A0&&A0)", "!A1&&!A0"]",2,19,18,4,0,data/SRS/Dataset_A/sig3_5_15/srs_193.txt,0,"["(A1&&(A2&&A2))&&A0", "!(A0&&A0)", "(A1&&A0)&&A0", "!A1"]",0,1,(A0&&!A0),PBS,27,0,1,37515,"2024-07-22 13:12:27",4,NONE,2,27,0,4,4,NULL,NULL
2.56205,"37936 KB","["A1&&(A1&&(A2||A2))", "A1||A2", "(A2&&A0)||(A1||!A1)", "!A2||A1", "A0&&A2", "!A0", "A0", "A1", "A2", "(A0||A2)||A2", "!(A0&&A0)"]",2,11,10,3,0,data/SRS/Dataset_A/sig3_5_15/srs_194.txt,0,"["!(A0&&A0)", "A0", "!A0"]",0,1,(A0&&!A0),PBS,23,0,1,37518,"2024-07-22 13:12:36",3,NONE,2,23,0,3,3,NULL,NULL
0.461551,"37172 KB","["A0&&A0", "!A0", "A0", "(A2&&A2)&&A1", "A1&&(A1||!A1)"]",2,5,4,2,0,data/SRS/Dataset_A/sig3_5_15/srs_195.txt,0,"["!A0", "A0&&A0"]",0,1,(A0&&!A0),PBS,5,0,1,37523,"2024-07-22 13:12:41",2,NONE,1,5,1,2,2,NULL,NULL
1.80567,"37548 KB","["A0&&A0", "!A0&&A2", "!(!A0)", "A2", "(A1&&A1)&&A2", "A2||(A0&&A2)", "(A0&&A1)||A1", "((A1||A1)||A1)||A1", "!((A0&&A1)||A0)"]",2,11,10,3,0,data/SRS/Dataset_A/sig3_5_15/srs_196.txt,0,"["!((A0&&A1)||A0)", "!(!A0)", "!A0&&A2"]",0,1,(A0&&!A0),PBS,16,0,1,37526,"2024-07-22 13:12:45",3,NONE,2,16,0,3,3,NULL,NULL
3.43749,"37964 KB","["A1||A2", "(A0&&A2)&&(A0&&A2)", "A1||A1", "!A1||A2", "!A1", "(A2&&A0)&&A1", "!(A0&&A0)", "(A1||A0)||(A2||A0)", "A2&&A0"]",2,21,20,5,0,data/SRS/Dataset_A/sig3_5_15/srs_197.txt,0,"["!(A0&&A0)", "(A0&&A2)&&(A0&&A2)", "(A2&&A0)&&A1", "!A1", "A1||A1"]",0,1,(A0&&!A0),PBS,29,0,1,37531,"2024-07-22 13:12:55",5,NONE,2,29,2,5,5,NULL,NULL
3.62,"37880 KB","["(A0||A0)||(A0||A0)", "(A1||A0)&&(A1||A0)", "(A1&&A2)||(A1&&A2)", "A0||A2", "!A1", "A1", "!A2", "A2", "(A1||A0)&&A1", "(A2||A1)||!A1", "(A0&&A0)||(A2||A0)", "(A1||A2)&&(A0&&A0)"]",2,20,19,5,0,data/SRS/Dataset_A/sig3_5_15/srs_198.txt,0,"["!A1", "(A1||A0)&&A1", "A2", "A1", "(A1&&A2)||(A1&&A2)"]",0,1,(A0&&!A0),PBS,38,0,1,37536,"2024-07-22 13:13:04",5,NONE,2,38,2,5,4,NULL,NULL
23.4439,"38076 KB","["(A0&&A2)&&(A0&&A2)", "A1&&A1", "!(!A0)", "!(!A2)", "A0", "A2", "(A1&&A0)&&!A2", "A1&&(A0&&A0)", "(!A1||A1)&&A1", "A2||!A2", "!(A2||A2)", "!(A2||A1)"]",2,101,100,8,0,data/SRS/Dataset_A/sig3_5_15/srs_199.txt,0,"["(A0&&A2)&&(A0&&A2)", "A1&&A1", "!(!A2)", "A1&&(A0&&A0)", "(!A1||A1)&&A1", "!(A2||A2)", "A2", "(A1&&A0)&&!A2"]",0,1,(A0&&!A0),PBS,53,0,1,37541,"2024-07-22 13:13:39",8,NONE,3,53,1,8,7,NULL,NULL
27.1055,"38088 KB","["!A2&&A1", "(A1||(A2&&A0))&&A1", "!A0||A1", "!A0", "((A0||A1)||A1)||(A1&&A0)", "(A2&&A1)||A2", "A2", "!A2&&(A1&&A1)", "(A1||A1)||A0", "(A0||A2)&&!A1"]",2,191,190,8,0,data/SRS/Dataset_A/sig3_5_15/srs_2.txt,0,"["(A0||A2)&&!A1", "(A1||(A2&&A0))&&A1", "!A0||A1", "(A1||A1)||A0", "!A0", "!A2&&(A1&&A1)", "A2", "(A2&&A1)||A2"]",0,1,(A0&&!A0),PBS,44,0,1,37546,"2024-07-22 13:14:20",8,NONE,3,44,1,8,8,NULL,NULL
4.00706,"37956 KB","["A0&&A1", "!(A0||A2)", "(A0||A1)||(A0&&A2)", "A1&&A1", "!A1", "!A2", "(A2&&A2)||A2"]",2,32,31,5,0,data/SRS/Dataset_A/sig3_5_15/srs_20.txt,0,"["(A2&&A2)||A2", "!A1", "A1&&A1", "!(A0||A2)"]",0,1,(A0&&!A0),PBS,22,0,1,37551,"2024-07-22 13:14:38",4,NONE,3,22,3,4,4,NULL,NULL
11.4567,"38024 KB","["A2&&A2", "A0&&A0", "A1||(A2&&A2)", "!A1||(A1||A0)", "A2||(A1&&A0)", "A1||(A0||A2)", "(A1&&A2)||(A1&&A2)", "!A1", "(A1||A0)&&A2", "(A1||A0)&&A1", "(A1||A2)&&A1", "!(A1||A1)", "!(A1&&A0)"]",2,49,48,5,0,data/SRS/Dataset_A/sig3_5_15/srs_21.txt,0,"["A0&&A0", "!(A1||A1)", "!A1", "(A1||A0)&&A1", "(A1&&A2)||(A1&&A2)"]",0,1,(A0&&!A0),PBS,47,0,1,37554,"2024-07-22 13:14:54",5,NONE,3,47,0,5,5,NULL,NULL
112.21,"38584 KB","["A1||A2", "A1&&A2", "A1||A1", "!A1||A0", "(A2||A2)&&(A0||A2)", "!A0", "!A1", "!A2", "A1", "(A2||A0)&&!A0", "A2||A1", "(A2||A2)&&(A2&&A0)"]",2,694,693,10,0,data/SRS/Dataset_A/sig3_5_15/srs_22.txt,0,"["!A0", "!A2", "A2||A1", "(A2||A0)&&!A0", "A1", "A1||A2", "(A2||A2)&&(A0||A2)", "A1&&A2", "A1||A1", "!A1||A0"]",0,1,(A0&&!A0),PBS,74,0,1,37559,"2024-07-22 13:17:05",10,NONE,4,74,3,10,10,NULL,NULL
50.1716,"38272 KB","["A1&&A2", "A2||A2", "A0&&A2", "!A2&&(A2&&A1)", "!A2&&(A2||A1)", "!(A1||(A1&&A1))", "(A0&&A1)&&(A1&&A1)", "!A0", "!A2", "A2", "!(A0||A1)&&A1", "(A1&&A1)||A1", "(A0||A0)&&A0"]",2,335,334,10,0,data/SRS/Dataset_A/sig3_5_15/srs_23.txt,0,"["!A0", "!(A0||A1)&&A1", "A2", "!A2", "(A0&&A1)&&(A1&&A1)", "!(A1||(A1&&A1))", "A1&&A2", "A2||A2", "A0&&A2", "!A2&&(A2&&A1)"]",0,1,(A0&&!A0),PBS,85,0,1,37562,"2024-07-22 13:18:10",10,NONE,6,85,0,10,10,NULL,NULL
17.1431,"38148 KB","["A1&&A1", "A1||A1", "!A0", "!A1", "A0&&(A1&&A1)", "(A2&&A2)&&A0", "(A0||A0)&&(A2&&A0)", "(A0||A2)&&(A2||A2)", "!(A2||A1)", "(A0||A2)||(A0||A1)"]",2,137,136,8,0,data/SRS/Dataset_A/sig3_5_15/srs_24.txt,0,"["!(A2||A1)", "(A0||A2)&&(A2||A2)", "!A0", "(A2&&A2)&&A0", "A0&&(A1&&A1)", "!A1", "A1&&A1", "A1||A1"]",0,1,(A0&&!A0),PBS,45,0,1,37567,"2024-07-22 13:18:42",8,NONE,3,45,2,8,8,NULL,NULL
42.544,"38216 KB","["!(A0&&A2)", "A0&&A1", "!(A1||A2)", "!(A1&&A2)", "A0&&!A1", "A1||(A2||A2)", "(A0||A2)&&(A0&&A0)", "A2||!A1", "A1||!(!A1)", "A1&&!A0"]",2,341,340,7,0,data/SRS/Dataset_A/sig3_5_15/srs_25.txt,0,"["A2||!A1", "(A0||A2)&&(A0&&A0)", "A1||!(!A1)", "A0&&!A1", "A1||(A2||A2)", "A0&&A1", "!(A1||A2)"]",0,1,(A0&&!A0),PBS,46,0,1,37572,"2024-07-22 13:19:41",7,NONE,4,46,1,7,7,NULL,NULL
28.4349,"38052 KB","["A0&&A0", "A2||A2", "A0||A0", "A2&&A2", "!A1", "!A2", "!A1&&(A2||A1)", "(A1&&A0)||!A0", "A2&&!A2", "A1&&A0"]",2,168,167,8,0,data/SRS/Dataset_A/sig3_5_15/srs_26.txt,0,"["!A1", "!A1&&(A2||A1)", "A2&&!A2", "A0&&A0", "A0||A0", "!A2", "A2||A2", "A2&&A2"]",0,1,(A0&&!A0),PBS,46,0,1,37575,"2024-07-22 13:20:29",8,NONE,4,46,0,8,8,NULL,NULL
7.50274,"37916 KB","["(A1||A2)&&(A1||A2)", "!(!A0)", "!A0", "!A1", "(A2||A0)&&A2", "!A2", "A2", "A0||(A2||A2)", "A0&&(A2&&A0)"]",2,55,54,7,0,data/SRS/Dataset_A/sig3_5_15/srs_27.txt,0,"["A0&&(A2&&A0)", "!A0", "A2", "(A1||A2)&&(A1||A2)", "(A2||A0)&&A2", "!(!A0)"]",0,1,(A0&&!A0),PBS,35,0,1,37580,"2024-07-22 13:20:59",6,NONE,2,35,2,6,7,NULL,NULL
3.57102,"38028 KB","["A0||A1", "A1&&A1", "A2||A2", "A1&&(A2&&A2)", "A2&&((A0&&A1)&&A0)", "(A1&&A1)&&(A2&&A0)", "!A1||(A1||A2)", "A1&&((A1&&A1)&&A2)", "(A2||A1)||(A0||A0)", "(A2&&A0)||(A2&&A1)", "!A2", "(A2&&A1)||A2", "(A2&&A0)||A0"]",2,15,14,7,0,data/SRS/Dataset_A/sig3_5_15/srs_29.txt,0,"["!A2", "A2||A2", "A1&&(A2&&A2)", "A2&&((A0&&A1)&&A0)", "(A1&&A1)&&(A2&&A0)", "A1&&((A1&&A1)&&A2)", "(A2&&A0)||(A2&&A1)"]",0,1,(A0&&!A0),PBS,43,0,1,37585,"2024-07-22 13:21:09",7,NONE,1,43,1,7,7,NULL,NULL
0.718412,"37108 KB","["A1||A2", "!(A1&&A2)", "!A0", "A0", "A1", "A1&&(A0&&A1)", "(!A1||A1)||A0"]",2,5,4,2,0,data/SRS/Dataset_A/sig3_5_15/srs_3.txt,0,"["!A0", "A0"]",0,1,(A0&&!A0),PBS,9,0,1,37590,"2024-07-22 13:21:14",2,NONE,1,9,1,2,2,NULL,NULL
19.2293,"38004 KB","["!(A0||A2)", "!A1&&A1", "A0||!A2", "A1||A1", "A1&&A1", "!A0&&A2", "!A0||A1", "A0||A2", "!(A2||(A2||A0))", "!(!A2)", "A0", "(A2||A1)&&A2", "(A0&&A0)&&A2", "A1||A0"]",2,106,105,9,0,data/SRS/Dataset_A/sig3_5_15/srs_30.txt,0,"["!(A2||(A2||A0))", "(A2||A1)&&A2", "A0", "!(!A2)", "A0||A2", "!(A0||A2)", "!A0&&A2", "A0||!A2", "!A1&&A1"]",0,1,(A0&&!A0),PBS,64,0,1,37595,"2024-07-22 13:21:41",9,NONE,4,64,1,9,9,NULL,NULL
0.340853,"37104 KB","["!A2&&A2", "A0||A1", "((A1||A2)||A1)&&!(A2||A1)", "A2", "A0&&(A2&&A1)"]",2,3,2,2,0,data/SRS/Dataset_A/sig3_5_15/srs_31.txt,0,"["((A1||A2)||A1)&&!(A2||A1)", "!A2&&A2"]",0,1,(A0&&!A0),PBS,5,0,1,37600,"2024-07-22 13:21:50",2,NONE,2,5,1,2,2,NULL,NULL
136.92,"38656 KB","["A1&&A1", "A2||A2", "!A0&&(A2||A1)", "!A1||(A1&&A0)", "(A1||A2)&&(A2&&A1)", "!A0", "A0", "!A2", "(A2&&A0)||A2", "A2", "(A1||A0)&&A0", "A2&&A0", "!(!(A0&&A0))"]",2,842,841,12,0,data/SRS/Dataset_A/sig3_5_15/srs_32.txt,0,"["!A0&&(A2||A1)", "A2&&A0", "!A2", "(A1||A0)&&A0", "!A0", "A2", "(A2&&A0)||A2", "A2||A2", "(A1||A2)&&(A2&&A1)", "A0", "!A1||(A1&&A0)", "A1&&A1"]",0,1,(A0&&!A0),PBS,89,0,1,37605,"2024-07-22 13:24:16",12,NONE,3,89,1,12,12,NULL,NULL
110.419,"38432 KB","["A1&&A2", "!A2&&A2", "A0&&A1", "A1&&A1", "!A2||(A0&&A0)", "A0&&(A0&&A1)", "(A1||A0)&&!(A0&&A1)", "(A1||A2)||(A0&&A2)", "(A2||A0)&&(A2&&A2)", "!(!A1)", "!A0", "!(A1&&A1)", "A1&&!A1", "A1||A0"]",2,554,553,11,0,data/SRS/Dataset_A/sig3_5_15/srs_33.txt,0,"["A1||A0", "A1&&!A1", "A1&&A1", "(A1||A2)||(A0&&A2)", "!(!A1)", "A1&&A2", "(A2||A0)&&(A2&&A2)", "(A1||A0)&&!(A0&&A1)", "A0&&A1", "A0&&(A0&&A1)", "!A2&&A2"]",0,1,(A0&&!A0),PBS,84,0,1,37610,"2024-07-22 13:28:26",11,NONE,5,84,2,11,11,NULL,NULL
10.9157,"38084 KB","["A2||A2", "!A0", "!(!A1)", "!A2", "A1", "!(A2&&A0)", "A2||A0", "A0&&(A0&&A1)", "!(A1||A0)"]",2,66,65,6,0,data/SRS/Dataset_A/sig3_5_15/srs_34.txt,0,"["!(A1||A0)", "A1", "A0&&(A0&&A1)", "!(A2&&A0)", "!A0", "!A2"]",0,1,(A0&&!A0),PBS,35,0,1,37615,"2024-07-22 13:28:57",6,NONE,3,35,4,6,6,NULL,NULL
7.70432,"37960 KB","["!A1||A1", "!A0", "A0", "!A2", "!A1||(A2&&A1)", "A1&&(A1&&A0)", "A1||A0", "A2&&A1", "!(A1&&A0)"]",2,52,51,5,0,data/SRS/Dataset_A/sig3_5_15/srs_35.txt,0,"["!(A1&&A0)", "!A2", "!A0", "!A1||(A2&&A1)", "A0"]",0,1,(A0&&!A0),PBS,27,0,1,37620,"2024-07-22 13:29:19",5,NONE,3,27,1,5,5,NULL,NULL
5.25931,"37892 KB","["A1&&!A2", "!A0", "!A2", "(A0&&A0)||!A2", "(A1&&A1)||((A1&&A1)||A0)", "A2&&A1", "!(A1&&A1)"]",2,40,39,5,0,data/SRS/Dataset_A/sig3_5_15/srs_36.txt,0,"["A1&&!A2", "(A1&&A1)||((A1&&A1)||A0)", "A2&&A1", "(A0&&A0)||!A2", "!A2"]",0,1,(A0&&!A0),PBS,22,0,1,37625,"2024-07-22 13:29:32",5,NONE,2,22,2,5,5,NULL,NULL
6.40597,"38048 KB","["A0||A1", "((A2||A0)||A2)||A0", "A2||A2", "A2&&(A1||A1)", "A2&&(A1&&A1)", "(A2||A0)||(A1&&A0)", "!(!A0)", "A0", "A1", "(A2&&A0)||A1", "(A0||A0)||A2", "(A2||A1)&&A1", "(A2&&A1)&&A0", "(A0&&A0)||(A0&&(A2&&A0))", "!(A2||A0)"]",2,21,20,10,0,data/SRS/Dataset_A/sig3_5_15/srs_37.txt,0,"["((A2||A0)||A2)||A0", "A2||A2", "A2&&(A1||A1)", "A2&&(A1&&A1)", "(A2||A0)||(A1&&A0)", "!(!A0)", "A0", "(A0||A0)||A2", "(A2&&A1)&&A0", "(A0&&A0)||(A0&&(A2&&A0))"]",0,1,(A0&&!A0),PBS,89,0,1,37630,"2024-07-22 13:29:45",10,NONE,1,89,2,10,10,NULL,NULL
24.7442,"38052 KB","["!(A0&&A2)", "A0||A1", "A0&&A1", "A0||!A2", "A1&&A1", "((A1||A1)||A0)||!A0", "!(!A2)", "!A2", "(A2||A0)&&A2", "!((A2||A0)||A0)", "A0||(A1||A2)", "A0||(A1&&A2)"]",2,126,125,7,0,data/SRS/Dataset_A/sig3_5_15/srs_38.txt,0,"["!((A2||A0)||A0)", "A0&&A1", "!(!A2)", "(A2||A0)&&A2", "!A2", "!(A0&&A2)", "A0||!A2"]",0,1,(A0&&!A0),PBS,59,0,1,37635,"2024-07-22 13:30:32",7,NONE,3,59,2,7,7,NULL,NULL
1.92351,"37668 KB","["A1||A2", "!A2&&A1", "A1||A1", "!A1||A2", "!A0", "!A1", "A2||(A2||A2)", "!(A1&&A0)"]",2,13,12,4,0,data/SRS/Dataset_A/sig3_5_15/srs_39.txt,0,"["!A2&&A1", "!A1", "A1||A1", "!A1||A2"]",0,1,(A0&&!A0),PBS,14,0,1,37640,"2024-07-22 13:30:49",4,NONE,2,14,2,4,4,NULL,NULL
38.106,"38140 KB","["A1&&!A2", "A1||(A1&&A2)", "A1||(A0||A1)", "A1&&(A2||A0)", "(A1&&A2)&&(A0||A1)", "!(!A1)", "A2&&(A2||(A2||A2))", "!A2", "A0||!A0", "A2||A1", "!(A2||A2)", "A2||A0", "!(A2||A1)", "!(A2&&A1)"]",2,171,170,9,0,data/SRS/Dataset_A/sig3_5_15/srs_4.txt,0,"["A1||(A1&&A2)", "A1&&(A2||A0)", "(A1&&A2)&&(A0||A1)", "!(!A1)", "A2&&(A2||(A2||A2))", "A2||A1", "!(A2||A2)", "!A2", "A1&&!A2"]",0,1,(A0&&!A0),PBS,70,0,1,37645,"2024-07-22 13:31:36",9,NONE,3,70,1,9,9,NULL,NULL
6.14474,"37988 KB","["!A0&&!A1", "!A0&&A1", "A0", "(A2&&A0)||A0", "A0&&(A1||A0)", "(A0&&A0)&&A1", "A1&&!A0"]",2,61,60,6,0,data/SRS/Dataset_A/sig3_5_15/srs_40.txt,0,"["A1&&!A0", "(A0&&A0)&&A1", "!A0&&!A1", "(A2&&A0)||A0", "A0", "!A0&&A1"]",0,1,(A0&&!A0),PBS,27,0,1,37650,"2024-07-22 13:31:56",6,NONE,3,27,1,6,6,NULL,NULL
11.7662,"37972 KB","["(A0||A2)||(A0&&A2)", "!(A0&&A1)", "A0&&A0", "(A2||!A1)&&(A0||A0)", "A0&&A2", "!A2", "(A1&&A0)||A0", "(A1||A2)||A0", "A1&&A0", "!A0||(A1||A2)", "A2&&A0"]",2,71,70,7,0,data/SRS/Dataset_A/sig3_5_15/srs_42.txt,0,"["A2&&A0", "(A0||A2)||(A0&&A2)", "A0&&A0", "(A1&&A0)||A0", "(A2||!A1)&&(A0||A0)", "A1&&A0", "A0&&A2"]",0,1,(A0&&!A0),PBS,54,0,1,37655,"2024-07-22 13:32:21",7,NONE,2,54,3,7,7,NULL,NULL
2.89289,"37972 KB","["!A0", "A2||(A2&&A2)", "!(A2||(A2||A2))", "!(A1||A1)", "A1&&A0", "(A0&&A1)||(A0||A0)", "(A0&&A2)||(A1||A2)"]",2,25,24,4,0,data/SRS/Dataset_A/sig3_5_15/srs_43.txt,0,"["!A0", "A1&&A0", "!(A1||A1)", "A2||(A2&&A2)"]",0,1,(A0&&!A0),PBS,20,0,1,37660,"2024-07-22 13:32:36",4,NONE,3,20,4,4,4,NULL,NULL
19.2494,"38164 KB","["!A0||!A0", "A0&&A2", "!(!A2)", "!A2", "A2", "!(A2||(A0||A1))", "(A0||A0)||A0", "(A1&&A2)||A1", "A1&&A0", "(A0||A0)&&(A2&&A1)"]",2,177,176,9,0,data/SRS/Dataset_A/sig3_5_15/srs_45.txt,0,"["(A0||A0)&&(A2&&A1)", "A1&&A0", "(A1&&A2)||A1", "(A0||A0)||A0", "A0&&A2", "!(!A2)", "A2", "!A2", "!A0||!A0"]",0,1,(A0&&!A0),PBS,51,0,1,37665,"2024-07-22 13:33:04",9,NONE,3,51,1,9,9,NULL,NULL
1.71641,"37236 KB","["(A2&&A1)||(A2&&A2)", "!(!A1)", "!A0", "!A1", "!A2||(A1||A2)", "!A0&&(A0&&!A0)", "(A2||A1)||A0", "(A1&&A2)&&!A1", "!A0&&(A1||A2)"]",2,7,6,3,0,data/SRS/Dataset_A/sig3_5_15/srs_46.txt,0,"["(A1&&A2)&&!A1", "!A0&&(A0&&!A0)", "!A1"]",0,1,(A0&&!A0),PBS,17,0,1,37670,"2024-07-22 13:33:15",3,NONE,3,17,1,3,3,NULL,NULL
9.52815,"38128 KB","["A0&&((A1&&A1)||A2)", "!A0", "A0", "!A1", "!A2", "A0&&(A1&&A0)", "A1||(A1||A1)", "(A1&&A2)&&!A2", "!A1||(A2||A0)", "!(A2||!A0)"]",2,65,64,7,0,data/SRS/Dataset_A/sig3_5_15/srs_47.txt,0,"["!(A2||!A0)", "!A1||(A2||A0)", "(A1&&A2)&&!A2", "!A1", "A0&&(A1&&A0)", "A0", "A0&&((A1&&A1)||A2)"]",0,1,(A0&&!A0),PBS,45,0,1,37675,"2024-07-22 13:33:32",7,NONE,3,45,3,7,7,NULL,NULL
11.5078,"38024 KB","["A0&&A1", "A0&&A2", "A0", "A2", "(A0&&A0)&&A1", "!(A1||A1)||A0", "(!A2||A0)||!A0", "!(A2&&A2)", "A2||A1", "!A2&&!A0"]",2,62,61,7,0,data/SRS/Dataset_A/sig3_5_15/srs_48.txt,0,"["A0&&A1", "A0&&A2", "A0", "A2", "(A0&&A0)&&A1", "!(A1||A1)||A0", "!(A2&&A2)"]",0,1,(A0&&!A0),PBS,46,0,1,37680,"2024-07-22 13:33:56",7,NONE,2,46,1,7,7,NULL,NULL
5.96044,"38020 KB","["A0&&A1", "!A0||A0", "A0&&A0", "!A0", "A1", "(A1||A0)||A1", "(A2&&(A0||A0))||(A2||A1)", "(!A2&&A1)||A0", "!(A2||A0)", "A1&&A0", "A2&&A0"]",2,29,28,5,0,data/SRS/Dataset_A/sig3_5_15/srs_49.txt,0,"["A2&&A0", "!(A2||A0)", "A1&&A0", "A0&&A1", "A0&&A0"]",0,1,(A0&&!A0),PBS,38,0,1,37685,"2024-07-22 13:34:17",5,NONE,2,38,2,5,5,NULL,NULL
0.401184,"37204 KB","["A1||(A0||(A1&&A2))", "!(!A0)", "!(!A1)", "!A1", "A2", "A2&&(A0&&A2)", "(A0&&A0)||A0", "A2||A1", "A0||(A0||A1)"]",2,3,2,1,0,data/SRS/Dataset_A/sig3_5_15/srs_5.txt,0,"["!A1"]",0,1,(A0&&!A0),PBS,5,0,1,37690,"2024-07-22 13:34:24",1,NONE,1,5,1,1,1,NULL,NULL
24.5393,"38256 KB","["A0&&A0", "A2||A2", "!A1||A2", "!A0", "!A2", "(A2&&A1)&&A2", "A2", "!A2||(A1&&A2)", "!A2&&(A2&&A1)", "!(A1&&A1)", "!(A2||A2)"]",2,143,142,8,0,data/SRS/Dataset_A/sig3_5_15/srs_50.txt,0,"["!(A2||A2)", "(A2&&A1)&&A2", "A2", "!(A1&&A1)", "!A2||(A1&&A2)", "!A2&&(A2&&A1)", "!A2", "!A0"]",0,1,(A0&&!A0),PBS,59,0,1,37695,"2024-07-22 13:35:20",8,NONE,5,59,2,8,8,NULL,NULL
4.92075,"37948 KB","["!A2||A2", "(A1||A2)||(A0||A2)", "A1", "!A2", "!(A1&&A1)||A2", "A2", "!A2||(A0&&A1)", "(A1||A1)&&A0", "(A0||A2)||A1", "!(A2||A2)"]",2,29,28,4,0,data/SRS/Dataset_A/sig3_5_15/srs_51.txt,0,"["!(A1&&A1)||A2", "(A1||A1)&&A0", "A2", "!A2"]",0,1,(A0&&!A0),PBS,29,0,1,37698,"2024-07-22 13:35:37",4,NONE,2,29,0,4,4,NULL,NULL
260.5,"39072 KB","["A1&&A2", "!(A0&&A2)", "!(A1&&A2)", "A0||A0", "A0&&A2", "(A1&&(A2||A2))&&(A2||A2)", "A1&&(A0&&A2)", "!A2", "A2", "!(A1||A2)&&!A2", "!(A1||A1)&&(A2&&(A1&&A0))", "(A0||A1)&&A0", "!(A0&&A0)", "A2||!A2"]",2,1517,1516,12,0,data/SRS/Dataset_A/sig3_5_15/srs_52.txt,0,"["A0||A0", "A1&&(A0&&A2)", "(A0||A1)&&A0", "!(A1||A1)&&(A2&&(A1&&A0))", "!(A1||A2)&&!A2", "A2", "!A2", "!(A0&&A2)", "(A1&&(A2||A2))&&(A2||A2)", "A0&&A2", "A1&&A2", "!(A1&&A2)"]",0,1,(A0&&!A0),PBS,99,0,1,37703,"2024-07-22 13:40:41",12,NONE,6,99,1,12,11,NULL,NULL
1.26906,"37152 KB","["(A2||A1)&&(A0&&A2)", "!A0", "!A1", "A1", "(A1&&A1)||A2", "A2&&A1"]",2,11,10,3,0,data/SRS/Dataset_A/sig3_5_15/srs_53.txt,0,"["A2&&A1", "A1", "(A2||A1)&&(A0&&A2)"]",0,1,(A0&&!A0),PBS,12,0,1,38221,"2024-07-22 15:13:00",3,NONE,2,12,2,3,3,NULL,NULL
26.3351,"38060 KB","["A2&&A2", "!(A1&&A2)", "!A1||A2", "!A2&&(A0||A1)", "!A0||(A0||A0)", "(A1||A0)&&(A0||A0)", "!(!A0)", "!(!A2)", "A0", "!A1", "!A2", "A2", "!(A2||A0)"]",2,111,110,9,0,data/SRS/Dataset_A/sig3_5_15/srs_54.txt,0,"["!(A2||A0)", "(A1||A0)&&(A0||A0)", "!(!A0)", "!(!A2)", "A0", "A2", "!A2", "!A2&&(A0||A1)"]",0,1,(A0&&!A0),PBS,66,0,1,38222,"2024-07-22 15:13:27",8,NONE,3,66,1,8,8,NULL,NULL
42.5546,"38248 KB","["A2&&A2", "A1&&A1", "A2||A2", "A0||A2", "A0||(A2&&A0)", "!A0", "!A1", "A0", "A1", "A2", "(A0&&A1)||!A2", "(A0&&A0)&&!A0", "A2&&A0"]",2,225,224,11,0,data/SRS/Dataset_A/sig3_5_15/srs_55.txt,0,"["A2&&A0", "(A0&&A1)||!A2", "(A0&&A0)&&!A0", "A2&&A2", "A2||A2", "A0||A2", "A2", "A1", "A0", "A1&&A1", "A0||(A2&&A0)"]",0,1,(A0&&!A0),PBS,82,0,1,38223,"2024-07-22 15:14:09",11,NONE,3,82,1,11,11,NULL,NULL
30.7583,"38112 KB","["!A0&&A0", "A0&&A1", "!A0||A2", "!(!A1)", "!A1", "(A2||A2)&&A2", "A2&&(A1&&A0)", "!(A2&&A0)", "A1&&A0", "!(A1||A1)", "A0||!A0", "A2&&A0"]",2,226,225,9,0,data/SRS/Dataset_A/sig3_5_15/srs_56.txt,0,"["A2&&A0", "!(A1||A1)", "A1&&A0", "!A0||A2", "(A2||A2)&&A2", "A2&&(A1&&A0)", "!A1", "!(!A1)", "!A0&&A0"]",0,1,(A0&&!A0),PBS,61,0,1,38224,"2024-07-22 15:14:41",9,NONE,4,61,0,9,9,NULL,NULL
5.97251,"38064 KB","["(A1||A0)||(A1||A0)", "A1&&A2", "!(A0&&A1)", "A1||A1", "!A2&&!A2", "((A0||A0)&&A2)&&!A2", "(A0&&A2)&&!A0", "A2&&A1", "!A2&&A0", "!A0||(A2||A2)"]",2,38,37,7,0,data/SRS/Dataset_A/sig3_5_15/srs_57.txt,0,"["!A0||(A2||A2)", "!(A0&&A1)", "A2&&A1", "!A2&&!A2", "(A0&&A2)&&!A0", "((A0||A0)&&A2)&&!A2", "A1&&A2"]",0,1,(A0&&!A0),PBS,45,0,1,38225,"2024-07-22 15:14:47",7,NONE,4,45,0,7,7,NULL,NULL
72.2732,"38180 KB","["A0||A1", "A1||A2", "A0||A0", "!A0&&A1", "A1||(A0||A0)", "(A0&&(A2&&A0))&&A0", "A0", "A1", "A2", "(A0&&!A1)&&!A1", "!(A2||A0)", "A2||!A0", "A1||A0", "!(A0&&A0)", "!(A0||A0)"]",2,291,290,9,0,data/SRS/Dataset_A/sig3_5_15/srs_58.txt,0,"["!(A0||A0)", "A0", "!(A0&&A0)", "!(A2||A0)", "A2", "(A0&&!A1)&&!A1", "A1", "!A0&&A1", "A0||A0"]",0,1,(A0&&!A0),PBS,82,0,1,38226,"2024-07-22 15:15:59",9,NONE,5,82,2,9,9,NULL,NULL
24.2602,"38192 KB","["A0||!A2", "A0&&A2", "A1&&(A2&&A2)", "A2||(A0&&A1)", "A2&&((A0&&!A2)&&A1)", "A0||(A1||A2)", "!A0", "!A1", "!(!A2)", "A2||!A2", "A2||A0", "A2||!A1", "!(A1||A0)"]",2,159,158,9,0,data/SRS/Dataset_A/sig3_5_15/srs_59.txt,0,"["A2||(A0&&A1)", "A0||(A1||A2)", "!(!A2)", "A2||A0", "A1&&(A2&&A2)", "!A1", "!A0", "A0&&A2", "A2&&((A0&&!A2)&&A1)"]",0,1,(A0&&!A0),PBS,64,0,1,38227,"2024-07-22 15:16:24",9,NONE,4,64,1,9,9,NULL,NULL
1.03595,"37092 KB","["!A2||A2", "(A2&&A2)||(A0&&!A2)", "!A0", "A2&&(A2||A0)", "!A1", "(A2||A1)||A1", "(A0&&A0)&&A0", "A2&&(A1||A0)"]",2,6,5,2,0,data/SRS/Dataset_A/sig3_5_15/srs_6.txt,0,"["!A0", "(A0&&A0)&&A0"]",0,1,(A0&&!A0),PBS,14,0,1,38228,"2024-07-22 15:16:25",2,NONE,1,14,1,2,2,NULL,NULL
47.2554,"38308 KB","["A1||A1", "!A0&&A2", "!(!A0)", "A0||A2", "!A0", "!A2", "(A0||A1)&&A2", "(A0||A0)&&A1", "((A1&&A1)||A0)&&!A2", "A1&&A0", "A2&&A0", "(A1||A2)&&(A1||A1)"]",2,303,302,9,0,data/SRS/Dataset_A/sig3_5_15/srs_60.txt,0,"["!A0", "!A2", "((A1&&A1)||A0)&&!A2", "A1&&A0", "(A0||A0)&&A1", "(A0||A1)&&A2", "A0||A2", "!(!A0)", "!A0&&A2"]",0,1,(A0&&!A0),PBS,66,0,1,38229,"2024-07-22 15:17:13",9,NONE,4,66,0,9,9,NULL,NULL
49.4188,"38280 KB","["!A1&&A1", "A1||A2", "A0&&!A1", "A2&&A2", "A2&&(A1||A1)", "!A2||(A2&&A1)", "A1||(A2||A1)", "!A0", "!(!A1)", "!A1", "A1", "(A1||A1)||A2", "A2&&A0"]",2,325,324,11,0,data/SRS/Dataset_A/sig3_5_15/srs_61.txt,0,"["A2&&A0", "!A0", "(A1||A1)||A2", "A1", "!(!A1)", "A0&&!A1", "A1||(A2||A1)", "A1||A2", "A2&&A2", "A2&&(A1||A1)", "!A1&&A1"]",0,1,(A0&&!A0),PBS,83,0,1,38230,"2024-07-22 15:18:03",11,NONE,4,83,1,11,11,NULL,NULL
0.857865,"37052 KB","["!(!A0)", "!A1", "A0", "!A0||(A1&&!A0)", "A1||A0"]",2,8,7,3,0,data/SRS/Dataset_A/sig3_5_15/srs_62.txt,0,"["!A0||(A1&&!A0)", "!(!A0)", "A0"]",0,1,(A0&&!A0),PBS,9,0,1,38231,"2024-07-22 15:18:04",3,NONE,1,9,1,3,3,NULL,NULL
0.406364,"37160 KB","["(A2&&A1)&&(A1||A0)", "!(!A0)", "A0", "!A2", "(A0||(A1&&A1))&&A0", "(A2||A1)&&A1", "A0&&(A0||A2)", "(A1||A1)&&(A1||A0)"]",2,3,2,1,0,data/SRS/Dataset_A/sig3_5_15/srs_63.txt,0,"["(A2&&A1)&&(A1||A0)"]",0,1,(A0&&!A0),PBS,6,0,1,38232,"2024-07-22 15:18:04",1,NONE,1,6,1,1,1,NULL,NULL
0.947921,"37152 KB","["A0&&A1", "!A2||A2", "A0||(A1||(A1||A1))", "((A0&&A2)&&A1)&&(A2&&A1)", "A2&&(A0||A0)", "A2&&(A1||A0)", "!(A1||A1)"]",2,5,4,2,0,data/SRS/Dataset_A/sig3_5_15/srs_64.txt,0,"["A0&&A1", "((A0&&A2)&&A1)&&(A2&&A1)"]",0,1,(A0&&!A0),PBS,12,0,1,38233,"2024-07-22 15:18:06",2,NONE,1,12,1,2,2,NULL,NULL
68.2073,"38428 KB","["A0||A0", "((A2||A0)&&A0)||A1", "!A0", "!A1", "(A2&&(A1&&A2))||(A0&&A2)", "A1||(A1&&A1)", "(A0||A2)&&A1", "A2&&!A0", "!A0&&(A2&&A2)", "!(A2&&A1)"]",2,604,603,8,0,data/SRS/Dataset_A/sig3_5_15/srs_65.txt,0,"["(A2&&(A1&&A2))||(A0&&A2)", "A2&&!A0", "!A0&&(A2&&A2)", "(A0||A2)&&A1", "!A1", "!A0", "((A2||A0)&&A0)||A1", "A0||A0"]",0,1,(A0&&!A0),PBS,51,0,1,38234,"2024-07-22 15:19:14",8,NONE,3,51,1,8,8,NULL,NULL
3.02627,"38016 KB","["A0&&A1", "A1&&A2", "A0||A2", "A0&&A2", "A1||(A1||A2)", "A0||(A0||A0)", "A2||((A0||A1)||A1)", "(A0&&A0)||(A1||A2)", "!(!A2)", "A2||(A2&&(A1&&A0))", "!A2", "(A2||A0)&&A0", "(A1&&A0)&&A0", "A2&&A1"]",2,11,10,5,0,data/SRS/Dataset_A/sig3_5_15/srs_66.txt,0,"["!A2", "A1&&A2", "A0&&A2", "!(!A2)", "A2||(A2&&(A1&&A0))"]",0,1,(A0&&!A0),PBS,38,0,1,38235,"2024-07-22 15:19:18",5,NONE,1,38,1,5,5,NULL,NULL
2.6105,"38040 KB","["A2&&((A0&&A0)&&A2)", "(A1&&A2)||(A0||A2)", "A0||A0", "A2&&A2", "!(!A1)", "!A1", "A0&&(A0&&A0)", "(A1||A0)&&A0", "(A1||A1)||!A1", "(A1&&A2)&&!(!A0)", "A0&&!A0"]",2,8,7,3,0,data/SRS/Dataset_A/sig3_5_15/srs_67.txt,0,"["A0&&!A0", "!A1", "!(!A1)"]",0,1,(A0&&!A0),PBS,19,0,1,38236,"2024-07-22 15:19:21",3,NONE,2,19,2,3,3,NULL,NULL
5.30482,"37984 KB","["(A0||A1)&&(A0&&A1)", "(A1||A0)||(A2||A1)", "(A2||A0)&&(A1||A0)", "!A1", "!(!A2)", "!A2", "A1", "(A2&&A1)&&A1", "(A2||A2)&&A2", "A2&&(A1||A2)"]",2,33,32,6,0,data/SRS/Dataset_A/sig3_5_15/srs_68.txt,0,"["A2&&(A1||A2)", "(A2||A2)&&A2", "(A2&&A1)&&A1", "A1", "!(!A2)", "(A0||A1)&&(A0&&A1)"]",0,1,(A0&&!A0),PBS,33,0,1,38237,"2024-07-22 15:19:26",6,NONE,2,33,2,6,6,NULL,NULL
0.261705,"37144 KB","["A0||A1", "!A1&&A1", "A0||A2", "((A2||A1)||A0)||(A0&&A0)"]",2,2,1,1,0,data/SRS/Dataset_A/sig3_5_15/srs_69.txt,0,"["!A1&&A1"]",0,1,(A0&&!A0),PBS,4,0,1,38238,"2024-07-22 15:19:27",1,NONE,1,4,1,1,1,NULL,NULL
12.3816,"38080 KB","["A0&&A1", "(A0&&A0)||(A1||A1)", "A1||A2", "!A1&&A0", "!A0&&A2", "A1", "!A2", "(A0&&A2)&&A2", "!A1&&(A2||A0)", "(A0||A0)||(A1||(A0&&A2))"]",2,89,88,7,0,data/SRS/Dataset_A/sig3_5_15/srs_7.txt,0,"["!A1&&(A2||A0)", "!A2", "A1", "(A0&&A2)&&A2", "!A0&&A2", "!A1&&A0"]",0,1,(A0&&!A0),PBS,38,0,1,38239,"2024-07-22 15:19:39",6,NONE,4,38,2,6,6,NULL,NULL
11.2808,"38096 KB","["A1||(A2||(A0&&A2))", "(A2||A1)&&(A0&&A1)", "!A1", "A0", "A2", "(A2&&A0)||A0", "(A0&&A1)||A2", "A2&&(A1&&A2)", "A2||!A0", "!(A2||A2)"]",2,72,71,7,0,data/SRS/Dataset_A/sig3_5_15/srs_70.txt,0,"["!A1", "A2||!A0", "A2", "(A2&&A0)||A0", "(A0&&A1)||A2", "A2&&(A1&&A2)", "(A2||A1)&&(A0&&A1)"]",0,1,(A0&&!A0),PBS,44,0,1,38240,"2024-07-22 15:19:51",7,NONE,2,44,2,7,7,NULL,NULL
6.45482,"38160 KB","["A0||A2", "!(!A0)", "!A2", "(A0||A1)||A0", "(A1||A1)&&!A0", "!(A1&&!A0)", "!(A2&&A0)", "A1||!A0", "!(A2||A1)"]",2,47,46,6,0,data/SRS/Dataset_A/sig3_5_15/srs_71.txt,0,"["!(A2||A1)", "(A0||A1)||A0", "(A1||A1)&&!A0", "!(A1&&!A0)", "!A2", "!(!A0)"]",0,1,(A0&&!A0),PBS,38,0,1,38241,"2024-07-22 15:19:58",6,NONE,2,38,2,6,6,NULL,NULL
15.0793,"38100 KB","["!(A0||A2)", "A0||!A1", "!(!A0)", "!A0", "(A2||A1)||A2", "A2&&(A1&&A1)", "(A1&&A1)&&A0", "(A1||A2)&&A0", "A1||A0", "A2||A0"]",2,134,133,8,0,data/SRS/Dataset_A/sig3_5_15/srs_72.txt,0,"["!(A0||A2)", "A0||!A1", "(A1||A2)&&A0", "!A0", "(A1&&A1)&&A0", "A2&&(A1&&A1)", "(A2||A1)||A2", "!(!A0)"]",0,1,(A0&&!A0),PBS,52,0,1,38242,"2024-07-22 15:20:13",8,NONE,2,52,2,8,8,NULL,NULL
44.7888,"38212 KB","["A0||A1", "(A2||A1)||(A0||A2)", "!A0", "!(!A1)", "!A1", "!A2", "A1", "(A0||A1)&&A1", "!(A0&&A1)||A0", "A0||(A2&&!A1)", "A1||(A2||A0)", "(A1&&A2)&&A0"]",2,249,248,10,0,data/SRS/Dataset_A/sig3_5_15/srs_73.txt,0,"["!A0", "!A1", "!A2", "A1||(A2||A0)", "A0||(A2&&!A1)", "(A0||A1)&&A1", "A1", "(A2||A1)||(A0||A2)", "A0||A1", "!(!A1)"]",0,1,(A0&&!A0),PBS,68,0,1,38243,"2024-07-22 15:20:58",10,NONE,3,68,3,10,10,NULL,NULL
2.23583,"37940 KB","["A1||!A2", "((A1&&A0)||A0)||!A0", "A2||(A2&&A0)", "!(!A1)", "!A1", "(A2||A2)&&A0", "!(!(A1&&A2))", "A2||A1"]",2,18,17,5,0,data/SRS/Dataset_A/sig3_5_15/srs_74.txt,0,"["!A1", "A1||!A2", "A2||(A2&&A0)", "!(!A1)"]",0,1,(A0&&!A0),PBS,26,0,1,38244,"2024-07-22 15:21:01",4,NONE,1,26,1,4,4,NULL,NULL
0.355596,"37064 KB","["!(!A2)&&A1", "!A0", "A0", "(A2&&A1)||A1", "A2||!A0", "A1||A0"]",2,3,2,1,0,data/SRS/Dataset_A/sig3_5_15/srs_75.txt,0,"["!A0"]",0,1,(A0&&!A0),PBS,4,0,1,38245,"2024-07-22 15:21:01",1,NONE,1,4,1,1,1,NULL,NULL
32.5259,"38424 KB","["A2&&A2", "A1||(A1&&A2)", "!(!A0)", "!A0", "!(!A1)", "!A1", "!A2", "A1", "(A2||A2)&&A1", "(A0&&A1)&&A2", "(A1||A0)&&A0", "A2&&A1", "A2||!A1"]",2,255,254,10,0,data/SRS/Dataset_A/sig3_5_15/srs_76.txt,0,"["A2||!A1", "!(!A1)", "A1", "A2&&A1", "(A1||A0)&&A0", "(A0&&A1)&&A2", "(A2||A2)&&A1", "A2&&A2", "!A1", "!(!A0)"]",0,1,(A0&&!A0),PBS,77,0,1,38246,"2024-07-22 15:21:34",10,NONE,3,77,3,10,10,NULL,NULL
48.1374,"38236 KB","["A1||!A2", "((A2||A0)||A2)&&!A2", "A0||(A2&&A1)", "!A2||(A2||A1)", "!A0", "!A1", "A1", "!A2", "((A2||A1)||!A1)||(A2||A1)", "(A1&&A0)||A2", "A2||(A0||(A1||A0))", "(A1||A2)||A1", "!(!A2||A0)"]",2,271,270,8,0,data/SRS/Dataset_A/sig3_5_15/srs_77.txt,0,"["A1||!A2", "(A1||A2)||A1", "!A0", "(A1&&A0)||A2", "!A2", "A1", "A0||(A2&&A1)", "((A2||A0)||A2)&&!A2"]",0,1,(A0&&!A0),PBS,63,0,1,38247,"2024-07-22 15:22:23",8,NONE,3,63,1,8,8,NULL,NULL
45.1117,"38184 KB","["((A2||A0)||A1)&&!A0", "A0||A1", "A0&&A2", "!(!A0)", "!(!A2)", "!A2", "(A1||A0)&&A2", "A1&&(A1||A1)", "!(A2||(A0||A2))", "!(A2||A0)", "!A2&&A0"]",2,287,286,8,0,data/SRS/Dataset_A/sig3_5_15/srs_78.txt,0,"["!A2&&A0", "!(A2||A0)", "(A1||A0)&&A2", "!(A2||(A0||A2))", "!A2", "!(!A2)", "!(!A0)", "A0&&A2"]",0,1,(A0&&!A0),PBS,59,0,1,38248,"2024-07-22 15:23:08",8,NONE,5,59,0,8,8,NULL,NULL
7.86993,"38116 KB","["!A2&&((A0||A1)||A2)", "A1&&A1", "((A1||A0)&&A1)&&!A1", "(A2||A1)&&(A1||A2)", "!A0", "A1", "A0||(A2||A2)", "(A1||A0)&&A0", "!(A2||A0)", "(A1&&A2)&&(A1||A0)"]",2,43,42,6,0,data/SRS/Dataset_A/sig3_5_15/srs_79.txt,0,"["(A1&&A2)&&(A1||A0)", "!(A2||A0)", "(A1||A0)&&A0", "!A0", "A0||(A2||A2)", "((A1||A0)&&A1)&&!A1"]",0,1,(A0&&!A0),PBS,40,0,1,38249,"2024-07-22 15:23:16",6,NONE,4,40,3,6,6,NULL,NULL
0.776391,"37140 KB","["A0&&A1", "A1||A2", "!(!A2&&A2)", "!A0", "(!A2&&A1)||!A1", "A0||(A2&&!A0)", "!(A1&&A1)"]",2,5,4,2,0,data/SRS/Dataset_A/sig3_5_15/srs_8.txt,0,"["A0&&A1", "!A0"]",0,1,(A0&&!A0),PBS,10,0,1,38250,"2024-07-22 15:23:17",2,NONE,1,10,3,2,2,NULL,NULL
2.39838,"38028 KB","["A0", "!A1", "!A2", "A2", "A0||(A2||A0)", "A0||(A0||A2)", "!(A0&&A0)", "A0||!A0"]",2,17,16,4,0,data/SRS/Dataset_A/sig3_5_15/srs_80.txt,0,"["!(A0&&A0)", "!A2", "A0||(A0||A2)", "A2"]",0,1,(A0&&!A0),PBS,23,0,1,38251,"2024-07-22 15:23:20",4,NONE,2,23,3,4,4,NULL,NULL
20.6541,"38096 KB","["A1||A1", "A1&&A1", "!A0&&A1", "A0||A2", "!A1", "A0", "!(!A2)", "!A2", "(A2&&A2)&&!A1", "!(A0&&A0)"]",2,135,134,8,0,data/SRS/Dataset_A/sig3_5_15/srs_81.txt,0,"["!(A0&&A0)", "A1||A1", "A1&&A1", "!A2", "!(!A2)", "!A0&&A1", "!A1"]",0,1,(A0&&!A0),PBS,43,0,1,38252,"2024-07-22 15:23:41",7,NONE,4,43,2,7,8,NULL,NULL
5.23494,"38016 KB","["A0&&A0", "A2&&(A2&&A0)", "!A0", "!(!A2)", "!A2", "!(A2||A0)", "A2||!A2", "!(A2||A2)", "A1||(A0||A2)"]",2,45,44,5,0,data/SRS/Dataset_A/sig3_5_15/srs_82.txt,0,"["!(!A2)", "!(A2||A0)", "!A2", "A0&&A0", "A2&&(A2&&A0)"]",0,1,(A0&&!A0),PBS,24,0,1,38253,"2024-07-22 15:23:46",5,NONE,3,24,0,5,5,NULL,NULL
79.3574,"38364 KB","["!A1||A1", "!(A1||A2)", "A2&&(A1&&A2)", "A2||((A1||A2)&&A0)", "!A1||(A0||A1)", "!A0||(A0&&A0)", "(A2||A1)&&(A2&&A0)", "!A0", "!A1", "!(!A2)", "A1", "A2", "(A0&&A2)||!A1", "A2&&A1", "!A2||A0"]",2,439,438,10,0,data/SRS/Dataset_A/sig3_5_15/srs_83.txt,0,"["!A2||A0", "A2&&A1", "(A0&&A2)||!A1", "!(A1||A2)", "A1", "!A1", "!(!A2)", "(A2||A1)&&(A2&&A0)", "A2||((A1||A2)&&A0)", "A2&&(A1&&A2)"]",0,1,(A0&&!A0),PBS,74,0,1,38254,"2024-07-22 15:25:06",10,NONE,3,74,3,10,10,NULL,NULL
0.838485,"37144 KB","["A0&&!A2", "A1&&A2", "!(A1||A2)", "A1&&A0", "A1||A0"]",2,9,8,3,0,data/SRS/Dataset_A/sig3_5_15/srs_84.txt,0,"["A1&&A0", "A1&&A2", "A0&&!A2"]",0,1,(A0&&!A0),PBS,10,0,1,38255,"2024-07-22 15:25:07",3,NONE,2,10,2,3,3,NULL,NULL
0.733741,"37152 KB","["!A0||A2", "(A1&&A0)&&(A0||A2)", "(A2&&A1)&&(A0||A2)", "!(!A2)", "A0", "!A1", "(A0&&A2)||A2", "!A1||(A1&&A2)"]",2,5,4,2,0,data/SRS/Dataset_A/sig3_5_15/srs_85.txt,0,"["(A1&&A0)&&(A0||A2)", "(A2&&A1)&&(A0||A2)"]",0,1,(A0&&!A0),PBS,14,0,1,38256,"2024-07-22 15:25:08",2,NONE,1,14,1,2,2,NULL,NULL
3.35147,"37988 KB","["(A2&&A0)||(A2&&A0)", "!A0&&A0", "A0||A1", "!A1", "!(A0&&(A1&&A2))", "!(A2||A0)", "A1&&((A1&&A2)&&A1)"]",2,28,27,5,0,data/SRS/Dataset_A/sig3_5_15/srs_86.txt,0,"["A1&&((A1&&A2)&&A1)", "(A2&&A0)||(A2&&A0)", "!A1", "!A0&&A0"]",0,1,(A0&&!A0),PBS,18,0,1,38257,"2024-07-22 15:25:12",4,NONE,3,18,3,4,5,NULL,NULL
6.52312,"38072 KB","["A1&&(A1&&(A2&&A2))", "(A1||A2)&&(A0||A1)", "A0&&A2", "!(!A0)", "!A0", "!A1", "A2", "A1&&(A1&&A2)", "(A2||A2)||!A2", "A2||(A2||A1)", "A1&&A0", "!A0||(A0&&A0)"]",2,40,39,7,0,data/SRS/Dataset_A/sig3_5_15/srs_87.txt,0,"["!A0", "!A1", "A1&&(A1&&A2)", "A1&&(A1&&(A2&&A2))", "(A1||A2)&&(A0||A1)", "A0&&A2", "!(!A0)"]",0,1,(A0&&!A0),PBS,44,0,1,38258,"2024-07-22 15:25:19",7,NONE,2,44,2,7,7,NULL,NULL
0.66745,"37128 KB","["((A0||A1)||A2)||A0", "!(!A2)", "!A2", "A1||(A1||A2)", "A1&&A0", "A0&&(A1&&A2)"]",2,5,4,2,0,data/SRS/Dataset_A/sig3_5_15/srs_88.txt,0,"["A0&&(A1&&A2)", "!(!A2)"]",0,1,(A0&&!A0),PBS,11,0,1,38259,"2024-07-22 15:25:20",2,NONE,1,11,1,2,2,NULL,NULL
11.3221,"37972 KB","["A0||A0", "!(A1&&A2)", "A0||A2", "!A0", "!(!A2)", "!A1||(A0&&A0)", "A1||(A1&&A1)", "!(A0&&!A2)||A1", "(A0||A0)&&A1", "A1||(A2||A0)", "A1&&A0"]",2,73,72,6,0,data/SRS/Dataset_A/sig3_5_15/srs_89.txt,0,"["A1&&A0", "(A0||A0)&&A1", "A0||A2", "!(!A2)", "!A1||(A0&&A0)", "A0||A0"]",0,1,(A0&&!A0),PBS,40,0,1,38260,"2024-07-22 15:25:32",6,NONE,2,40,3,6,6,NULL,NULL
162.502,"38688 KB","["A0&&(A2||A2)", "!A2||(A2||A2)", "(A2&&(A1||A1))&&A1", "!(!(!A1))", "!(!A1)", "!A1", "!A2", "A1", "(A1||A1)||A1", "(A1&&A2)||A1", "(A2&&A2)||A0", "!(A1&&A1)", "A0&&!A0", "!(A2||A1)"]",2,780,779,11,0,data/SRS/Dataset_A/sig3_5_15/srs_9.txt,0,"["!(A2||A1)", "(A2&&(A1||A1))&&A1", "!(!A1)", "A1", "(A1||A1)||A1", "(A1&&A2)||A1", "A0&&!A0", "!(A1&&A1)", "!A2", "!A1", "!(!(!A1))"]",0,1,(A0&&!A0),PBS,84,0,1,38261,"2024-07-22 15:28:15",11,NONE,6,84,1,11,11,NULL,NULL
17.2966,"38056 KB","["A0||!A2", "(A2||A2)&&(A0||A0)", "!A0||A2", "!(!A0)", "A0||A2", "!A1", "A1", "!A2", "A2", "(A0&&A1)||A0", "A2&&!A2"]",2,71,70,7,0,data/SRS/Dataset_A/sig3_5_15/srs_90.txt,0,"["A2&&!A2", "!A2", "A2", "(A2||A2)&&(A0||A0)", "!(!A0)", "A0||A2", "!A1"]",0,1,(A0&&!A0),PBS,48,0,1,38262,"2024-07-22 15:28:32",7,NONE,3,48,1,7,7,NULL,NULL
44.6419,"38456 KB","["A2&&(A1&&(A1||A2))", "A0||!A1", "!(!A0)", "!A0", "!A1", "(A2||A1)&&A1", "(A1&&A1)&&A0", "(A0||A1)&&!A1", "!(A2&&A0)", "A1||!A1", "A2&&A0"]",2,315,314,9,0,data/SRS/Dataset_A/sig3_5_15/srs_91.txt,0,"["A2&&A0", "A0||!A1", "!(!A0)", "(A0||A1)&&!A1", "(A2||A1)&&A1", "(A1&&A1)&&A0", "!A1", "!A0"]",0,1,(A0&&!A0),PBS,53,0,1,38263,"2024-07-22 15:29:17",8,NONE,4,53,0,8,8,NULL,NULL
2.77018,"38008 KB","["(A1||A1)&&(A2&&A2)", "A0&&A2", "!A0", "!A2", "A1", "A1&&(A0&&A1)", "(A1&&A0)||A1", "A0&&(A1||A1)", "(A0&&A0)||A0"]",2,21,20,5,0,data/SRS/Dataset_A/sig3_5_15/srs_92.txt,0,"["!A0", "A0&&(A1||A1)", "A1&&(A0&&A1)", "(A1||A1)&&(A2&&A2)", "A0&&A2"]",0,1,(A0&&!A0),PBS,22,0,1,38264,"2024-07-22 15:29:20",5,NONE,2,22,2,5,5,NULL,NULL
11.4648,"37948 KB","["A1&&A1", "!A1", "A0", "!A2", "(A0&&A1)||A1", "A2||A1", "!(A1||A1)", "A2&&!A2", "!(A2||A1)"]",2,72,71,7,0,data/SRS/Dataset_A/sig3_5_15/srs_95.txt,0,"["A1&&A1", "A2||A1", "A2&&!A2", "!(A1||A1)", "!A2", "(A0&&A1)||A1", "!A1"]",0,1,(A0&&!A0),PBS,40,0,1,38265,"2024-07-22 15:29:33",7,NONE,4,40,1,7,7,NULL,NULL
0.876412,"37096 KB","["A1&&A2", "(A2&&A1)||(A0&&A1)", "A1", "A2", "(A1||A1)||A2", "A1&&A0", "!A2&&A0"]",2,5,4,2,0,data/SRS/Dataset_A/sig3_5_15/srs_96.txt,0,"["!A2&&A0", "A2"]",0,1,(A0&&!A0),PBS,8,0,1,38266,"2024-07-22 15:29:34",2,NONE,1,8,1,2,2,NULL,NULL
6.12035,"38040 KB","["A0&&!A2", "A0&&A0", "A0&&!A1", "A2||A2", "(A2&&A0)&&(A2||A2)", "!A0", "!A2", "A2||A1"]",2,53,52,5,0,data/SRS/Dataset_A/sig3_5_15/srs_97.txt,0,"["A0&&!A1", "!A2", "!A0", "(A2&&A0)&&(A2||A2)", "A2||A2"]",0,1,(A0&&!A0),PBS,30,0,1,38267,"2024-07-22 15:29:40",5,NONE,3,30,1,5,5,NULL,NULL
2.59136,"38180 KB","["(A0&&A0)&&(!A1||A0)", "!A1&&A0", "!(!A0)", "!(!A1)", "A0", "!A2", "A2", "(A0&&A2)&&A1"]",2,15,14,4,0,data/SRS/Dataset_A/sig3_5_15/srs_98.txt,0,"["!A1&&A0", "!A2", "A2", "!(!A1)"]",0,1,(A0&&!A0),PBS,20,0,1,38268,"2024-07-22 15:29:43",4,NONE,2,20,2,4,4,NULL,NULL
12.6616,"38108 KB","["A1||A2", "A0&&!A1", "!A1&&!A1", "A0", "!A1", "!A2", "A2", "!A1||(A2||A0)", "(A1&&A2)&&A1", "A2||A1"]",2,80,79,6,0,data/SRS/Dataset_A/sig3_5_15/srs_99.txt,0,"["A0&&!A1", "!A2", "A2", "A1||A2", "!A1&&!A1", "!A1"]",0,1,(A0&&!A0),PBS,38,0,1,38269,"2024-07-22 15:29:56",6,NONE,2,38,2,6,6,NULL,NULL
